id,id_country
ts300399,100
tm82169,100
tm17823,100
tm191099,100
tm69975,100
tm127384,35
tm17249,100
ts22164,35
tm70993,35
tm16479,100
tm91699,100
tm12775,100
tm135083,29
tm69997,100
tm16812,46
tm75975,46
tm156453,100
ts45948,35
tm89386,24
tm71909,46
tm100027,46
tm100027,92
tm107372,46
tm10204,46
tm336403,46
tm27298,29
tm123318,100
tm204541,29
tm19608,29
tm90896,29
tm90896,27
tm14350,29
tm14350,27
tm123613,46
tm81728,29
tm321219,46
tm259684,14
tm259684,34
tm259684,60
tm344089,46
ts20681,100
tm1217553,100
tm140433,100
tm131198,100
tm120386,100
tm120386,35
tm48779,100
tm125473,100
tm2244,100
tm155460,100
tm40803,100
tm13,100
tm144353,100
ts21715,35
tm119312,100
tm117580,100
tm24110,100
ts2760,35
tm157853,100
tm127515,100
tm133914,35
tm52274,60
tm52274,34
tm49037,53
tm62924,35
ts987,35
tm147829,100
tm125985,53
tm40103,53
tm159912,46
tm126769,4
tm114356,100
tm137013,100
tm52815,46
tm94651,46
tm446654,46
tm172482,46
tm157603,46
tm411457,46
tm371359,46
tm342996,46
tm348735,46
tm55091,100
tm311264,46
tm151332,29
tm151332,34
tm258072,100
tm51083,100
tm419052,46
tm38736,100
tm47673,29
ts20981,100
ts20339,53
ts21223,53
tm185123,100
tm122434,100
tm123099,100
ts21567,100
ts34435,53
tm60722,100
ts20983,53
tm107165,100
tm39130,100
tm39130,35
ts21321,100
ts20960,100
tm53991,100
tm11556,53
tm11556,100
ts6236,100
tm191374,100
ts22193,100
ts22193,14
ts21034,53
tm12172,100
tm191772,35
tm191772,100
ts25252,53
tm53805,100
tm46173,100
tm46410,100
tm190835,53
ts11397,100
tm6859,100
ts27693,100
tm255589,
ts21581,100
ts22039,34
tm64817,100
tm63514,100
tm56033,44
tm56033,35
tm56033,24
tm56033,34
tm10811,100
ts16919,100
tm110217,100
ts21684,6
tm1280414,53
ts25249,6
tm55369,100
ts22286,53
ts28516,4
tm188606,31
tm188606,24
tm188606,37
tm188606,35
tm188606,100
tm188606,9
tm113234,41
ts20918,100
ts20939,100
ts21693,100
tm34391,35
tm189773,46
tm55100,46
tm41525,67
tm113275,19
tm113275,41
tm37642,24
tm37642,100
tm184502,46
tm12876,46
tm27601,46
tm105716,46
tm29212,100
tm117873,46
tm189171,30
tm189171,4
tm67635,46
tm118256,46
ts8570,100
tm44776,29
tm44776,34
tm128925,46
tm62176,46
tm110766,24
tm110766,80
tm110766,100
tm110766,34
tm8859,46
ts251477,53
ts224786,20
tm58893,46
tm9898,46
tm62385,46
tm12482,46
tm118438,46
tm110225,46
tm191614,29
tm191614,34
tm110160,46
tm42397,46
tm184224,100
tm184326,46
tm57169,35
tm57169,100
tm47530,46
tm52083,60
tm52083,8
tm52083,34
tm52083,71
tm256669,46
tm449775,92
tm449775,46
tm7032,51
tm7032,60
tm7032,8
tm7032,34
tm210754,96
tm334788,46
tm192301,46
tm314602,46
tm203186,60
tm64729,100
tm117840,29
tm117840,34
tm424630,100
tm204173,46
tm1096916,34
tm326102,46
tm7810,100
tm104933,100
ts4,100
ts9,100
ts21469,100
ts17156,100
ts8308,100
ts22337,100
ts3371,100
ts21465,100
ts20371,35
tm44313,73
tm44313,100
ts288536,35
ts20604,100
ts20573,35
tm113842,100
tm100029,35
tm100029,14
tm100029,100
tm100029,53
tm56184,35
tm56184,100
ts5716,100
ts22011,14
ts11313,53
ts31787,53
tm137072,100
tm137072,24
ts20305,53
tm115982,73
tm115982,100
tm142381,73
tm142381,100
ts34569,53
tm169295,14
tm169295,100
ts17942,100
tm74402,100
ts327,100
tm105329,100
tm97441,100
ts31263,100
tm20959,100
ts15349,100
ts12787,53
ts20640,100
ts21511,14
ts21511,100
tm88738,35
tm88738,100
tm86637,100
tm86637,14
tm86637,24
ts29186,100
tm92619,100
ts6644,25
ts21544,100
ts22018,100
tm181571,100
tm174703,100
tm30205,19
tm30205,41
ts22456,100
tm90305,100
tm35112,100
tm133732,24
tm133732,42
tm133732,35
tm133732,100
ts27541,100
tm138894,100
tm155309,100
tm137342,100
ts31820,100
tm88027,100
ts19036,100
ts23752,53
ts26091,34
tm109300,34
tm109300,24
tm109300,35
tm109300,14
ts38488,20
tm151176,100
tm151176,23
ts30311,100
tm44491,35
tm44491,100
ts22267,14
tm149432,100
tm27268,100
tm178788,24
tm178788,73
tm178788,100
ts22005,14
ts32186,53
ts32186,100
tm54010,100
ts22318,51
tm40009,100
ts21464,100
tm79939,100
tm109495,100
ts52881,53
tm97428,44
tm97428,100
tm115660,100
tm132647,100
tm31857,100
tm31857,23
tm142564,46
tm40148,100
tm94422,35
tm94422,100
tm94422,14
tm96208,100
tm96208,14
tm96208,24
tm47321,100
tm185635,67
tm185635,100
ts1413,97
ts24028,35
ts21740,53
tm94430,67
tm169128,100
ts21688,58
tm30170,46
ts26322,53
ts20544,53
tm32885,46
tm186461,35
tm186461,100
tm186461,53
tm82836,100
tm31187,35
tm31187,100
tm82765,46
tm82765,100
ts14102,14
tm56428,14
tm137919,100
tm134407,46
ts178360,20
tm59880,100
ts12701,34
ts20526,100
ts21664,100
tm132321,100
tm95493,30
tm95493,35
tm95493,100
tm97072,100
ts34414,20
ts21706,6
ts74928,34
ts12444,97
tm30112,46
tm28366,46
tm130647,100
tm130647,34
tm130647,14
ts1464,20
tm141070,100
tm141070,35
tm133797,100
ts27459,19
ts911,100
tm104880,100
tm95238,100
tm95238,14
tm152406,100
tm164557,53
tm164557,41
ts20535,100
tm44634,100
tm89039,67
ts20358,100
ts12815,100
ts21421,30
ts21421,35
tm464888,46
tm150521,41
ts23797,97
ts67595,20
tm78767,100
tm22989,100
tm22540,46
tm22636,14
tm114504,46
tm456581,100
tm36991,100
tm36991,24
tm36991,35
tm156575,46
ts23835,86
tm368679,46
tm72587,46
tm31335,46
tm134235,53
tm237621,69
tm76835,46
tm39557,46
tm340006,53
ts20398,6
ts3666,53
tm96052,4
ts21967,14
ts21967,100
tm21155,60
tm21155,34
tm155761,46
tm91046,29
tm27598,100
tm36475,46
tm83786,46
tm137484,100
tm137484,41
tm137484,53
tm44530,46
tm144345,46
ts1893,35
ts98353,100
ts30356,35
tm27480,100
tm80455,46
tm418157,
tm53999,100
tm138497,14
tm92977,46
tm139349,100
ts17028,53
tm142408,100
tm92671,41
tm91125,46
tm91176,100
tm91176,69
tm112381,100
tm68191,24
tm101609,46
tm29028,80
tm29028,8
tm29028,34
tm29028,30
tm29028,16
tm145243,46
tm130811,35
tm130811,100
tm31274,35
tm31274,100
tm43399,46
tm29555,100
tm168869,6
tm82718,96
tm145436,100
tm164389,46
tm57220,46
tm177687,53
ts38159,34
tm23441,46
tm147686,100
ts56589,58
tm141117,46
tm82763,100
tm54147,46
tm54147,100
tm146099,100
tm103095,19
tm103095,41
tm24576,53
ts31593,58
tm71558,67
tm73058,46
ts21695,58
tm29269,46
tm34924,19
tm34924,41
tm61056,46
tm37945,46
tm91323,46
tm129971,46
ts18653,46
tm36164,53
tm147494,53
tm84775,100
tm99060,41
tm99060,19
tm88366,46
tm33981,14
tm140653,41
tm101684,96
ts63295,4
ts63295,30
tm80339,53
ts44053,19
ts4866,97
tm96595,46
tm170169,46
tm52352,100
tm175687,100
tm181366,60
tm49405,53
tm89764,53
tm89936,58
tm22342,100
tm62369,19
tm62369,41
tm103133,46
tm75544,46
ts70843,97
tm102848,46
tm77348,46
ts29199,100
ts29199,35
tm135795,34
tm135795,60
tm87672,68
tm138902,53
tm105278,53
tm81864,41
tm149209,46
tm95434,41
tm30289,100
tm38454,100
tm76029,34
tm76029,60
tm76029,35
tm155774,24
tm155774,59
tm155774,80
tm155774,34
tm85549,29
tm76399,76
tm80059,53
tm96037,53
ts42914,34
tm65142,53
tm34524,53
ts72322,20
tm173826,34
tm173826,35
ts74931,100
tm70222,46
tm83175,46
tm104349,58
ts44663,34
tm25029,97
ts121176,100
tm51493,96
tm29731,46
tm111226,46
tm103732,46
tm112235,46
tm91005,105
tm91005,87
tm91005,35
tm146887,46
tm77863,46
ts23808,100
tm129763,46
tm98475,46
tm110923,63
tm110923,24
tm110923,80
tm110923,34
ts39604,97
tm598375,46
tm85243,14
tm22558,68
tm33729,46
tm93004,46
tm134140,46
tm334293,29
tm97982,46
tm166247,46
tm171813,100
tm152413,68
tm25842,100
tm334461,29
tm364670,29
tm85563,100
tm85563,5
tm85563,34
tm85563,24
tm85563,69
tm85563,35
tm80487,100
tm27672,46
tm341256,29
tm254229,29
tm74572,29
tm46867,46
tm160596,89
tm160596,23
tm160596,35
tm160596,25
tm160596,70
tm88449,29
ts40702,90
tm100106,76
tm70154,29
tm50572,29
tm216698,29
tm48083,34
tm415401,29
tm101950,54
tm101950,24
tm228213,29
ts8614,90
tm28024,76
tm352863,100
tm241875,100
tm87909,
tm75662,29
tm226362,60
tm481594,
ts204466,20
tm341561,80
ts188031,20
tm404676,100
tm1077037,46
tm421094,29
tm254745,80
tm364196,29
tm421522,29
ts29581,90
tm423108,29
tm133068,46
ts95855,14
tm679559,29
ts160526,
ts20660,100
ts278,35
ts8175,35
tm57536,100
ts20564,100
ts17598,100
tm72846,100
tm72846,35
ts20436,100
ts21580,100
tm46613,100
ts32835,53
tm71339,100
ts20457,100
ts21503,100
tm32982,35
tm32982,100
ts21095,100
ts27680,35
tm167643,100
tm176439,100
ts20433,53
ts20429,53
ts83043,35
ts34737,100
ts20500,71
ts20458,100
ts20458,25
ts9794,100
ts33338,35
ts36647,25
tm68632,105
tm40319,100
ts32561,97
tm67601,100
tm167232,35
tm167232,100
tm167232,34
tm167232,24
tm69601,46
tm184015,100
tm182586,58
tm39771,100
tm39771,14
tm39771,24
tm204762,17
ts27835,100
ts34151,53
tm163842,24
tm163842,14
tm163842,100
ts27468,100
ts34552,14
ts9246,53
tm49592,100
tm56734,69
tm56734,35
ts39093,100
tm53034,100
ts18551,35
ts22249,53
tm166438,100
tm38013,46
tm62210,53
ts6879,17
tm40550,24
tm40550,54
ts128422,88
tm68436,46
tm53625,
tm172353,46
ts158608,105
ts21081,20
tm182125,46
tm182125,30
ts32460,97
tm59289,46
ts55532,100
ts27586,53
tm40860,100
tm170873,100
tm100688,67
tm100688,30
tm100688,34
tm184732,46
tm67444,100
tm185208,11
tm185208,100
tm176111,41
tm176111,19
tm57382,6
ts44064,97
tm59590,53
tm42306,46
tm72845,100
tm181856,100
ts19779,100
tm172211,43
tm37175,100
tm177044,53
ts167724,35
ts35426,50
tm183037,24
tm183037,46
tm35700,46
tm178106,46
tm224577,69
tm174190,100
tm179451,46
tm57610,46
tm177958,46
tm176128,41
tm160021,19
tm160021,41
tm180532,46
ts45996,6
tm172883,46
tm53360,46
tm177258,46
ts27875,86
tm48239,46
tm44615,46
tm29400,76
ts191698,35
tm47171,46
ts69208,97
ts33349,58
tm159593,46
ts39112,14
tm159623,76
ts81858,58
ts26776,53
tm54780,53
ts58528,100
ts37864,19
tm37573,41
ts60663,90
tm72251,100
tm72251,35
tm38331,76
tm33600,29
tm69749,29
tm34646,76
tm162592,29
ts16586,14
tm161632,100
tm172504,100
tm172504,0
tm172504,80
tm172504,70
tm166740,46
tm161804,96
tm34142,46
ts39465,90
tm165312,46
tm70528,105
tm946846,60
tm946846,0
tm946846,100
tm1077038,46
ts41114,90
tm44165,29
tm168751,60
tm51292,46
tm639940,100
tm169354,29
tm57436,34
tm57436,60
tm57436,80
tm48544,100
tm184143,46
ts99814,88
ts11188,100
ts1639,100
ts20682,53
ts20837,100
ts20110,35
ts20351,100
tm166586,100
tm179734,100
tm154391,100
tm183480,100
tm140877,100
tm140877,35
ts8146,100
tm165518,100
ts16045,100
tm158648,100
ts14583,100
tm167384,100
ts6,100
tm143227,100
ts21374,100
tm179772,100
ts20824,100
tm140389,34
tm140389,35
tm140389,100
ts20823,100
tm176864,24
tm176864,35
tm176864,100
tm181631,100
ts20280,100
ts21367,100
tm143360,43
tm143360,100
tm166238,100
tm157121,100
tm163792,100
tm140524,100
ts20261,100
tm149175,100
ts20108,100
tm149302,100
tm151764,100
ts23238,100
ts23238,34
tm137702,100
tm139047,100
tm35535,100
tm35535,11
tm143474,100
tm182421,100
tm152863,100
ts36836,100
tm181081,35
tm181081,6
tm181081,16
tm137379,100
ts32271,45
ts35486,53
tm136601,100
tm175069,100
tm147913,46
tm148910,46
ts2727,35
tm144951,100
ts35682,6
tm176630,100
ts75104,78
tm148147,14
tm148147,100
ts88394,100
ts32060,100
tm187279,35
tm148671,100
ts22426,53
tm143642,24
ts314002,53
ts98340,14
ts98340,100
tm199408,35
tm183706,11
ts35570,35
tm161562,100
tm161562,25
tm152904,100
ts353019,17
tm162271,100
ts42168,96
tm157681,80
ts20014,53
tm144121,100
tm149541,100
tm177357,100
tm168400,100
ts20709,53
tm165967,35
tm165967,105
tm147518,11
tm163066,35
tm172710,100
tm187157,24
tm187157,54
ts32218,100
tm170237,105
tm141648,19
tm141648,14
tm141648,100
tm141648,35
tm178234,60
tm178234,0
tm187183,46
ts20336,30
ts22383,100
ts22383,34
tm143757,100
tm151210,100
tm187390,29
tm187390,35
tm187390,100
ts21368,96
tm148642,46
ts2161,32
ts34066,6
tm360904,100
ts20883,100
tm146657,50
tm146657,44
tm146657,45
tm146657,71
tm146657,105
tm146657,0
tm146657,35
ts57744,58
ts35244,100
ts83239,86
tm197423,69
ts53641,100
ts37187,100
ts22445,58
tm161282,100
tm138431,15
tm138431,35
tm157461,96
tm145791,58
tm143372,53
tm155014,14
tm157085,35
ts34074,58
tm183002,46
tm182969,96
tm154729,46
tm156811,46
tm142852,76
tm149747,67
tm323262,53
tm178992,41
ts20781,58
ts33840,53
tm35895,11
tm177224,46
tm176481,46
tm151927,46
tm155051,14
tm148597,35
tm144021,100
tm165504,41
tm169669,76
tm183547,100
tm183547,14
tm180643,100
tm180643,14
tm158302,46
tm184511,46
tm158436,100
tm2269,84
tm157609,30
tm180802,100
tm158671,100
tm182580,60
tm139617,100
tm176553,100
tm176553,69
tm145216,96
tm132675,100
tm139922,100
tm144541,4
tm160034,46
tm148976,100
tm156397,76
tm145658,76
tm182275,80
ts10206,14
tm587320,30
tm148457,46
tm181092,46
tm202914,100
tm175577,69
ts3799,100
ts82979,100
tm168685,58
tm178513,46
tm149914,100
ts35628,100
tm149038,100
tm149578,100
tm167107,46
tm159701,100
tm144557,96
tm152843,14
tm147405,100
tm182322,46
ts36127,100
tm157062,46
tm153055,100
tm166723,76
tm177645,96
tm186054,46
tm159819,76
tm53829,100
tm186161,46
tm175954,100
tm179328,
tm155507,100
tm228574,14
tm215339,100
tm182534,100
tm147908,46
ts76743,53
ts75833,86
ts20238,19
tm152273,53
tm158980,46
tm152602,46
ts32752,97
tm183654,41
ts121189,46
tm171929,100
tm169294,76
tm185797,46
tm144520,29
tm187505,76
tm159245,46
tm150962,46
tm370685,69
tm159296,46
tm250247,
tm188290,76
tm170198,46
tm186408,46
tm162259,100
tm63368,80
tm157286,46
tm157783,46
tm181051,34
tm181051,24
tm181051,51
tm181051,80
tm169054,46
tm175753,46
tm458034,100
ts124246,46
ts82860,90
tm1194608,46
tm200926,60
tm200926,0
tm148467,46
tm1036195,80
ts122290,46
tm250364,46
tm187118,46
ts271005,
ts98110,100
tm681614,0
ts144527,90
tm1223427,
ts8,100
ts37143,100
ts38796,100
ts42069,35
ts42069,100
ts41766,100
ts53664,45
ts36952,100
ts36631,100
ts36577,35
tm139277,100
tm143617,100
ts37539,53
ts36147,100
tm210040,100
ts42062,34
tm120069,100
ts42120,14
ts38199,100
ts35554,100
ts36885,100
tm146426,100
ts36129,100
tm150928,100
ts11670,100
tm133531,100
tm133531,24
ts53051,100
tm239727,100
tm201906,8
tm201906,34
ts36550,100
tm205254,6
tm205254,35
tm205254,100
ts35563,100
ts41956,100
tm132278,100
tm139354,100
ts38718,100
ts21869,100
ts21885,100
ts38511,100
ts21981,100
tm141571,100
ts47714,14
ts35251,100
tm139844,100
ts35793,100
ts42077,51
ts42077,35
ts70529,71
ts37866,34
ts41975,100
ts42014,100
tm214930,100
tm135307,100
tm576577,29
ts41961,100
tm123345,100
tm239676,100
tm232579,73
tm120609,100
tm151807,100
tm140472,100
ts36015,100
ts18010,100
tm137693,100
tm140391,100
tm140391,35
ts47636,53
ts38783,6
tm220594,35
tm220594,100
tm220594,99
ts81573,35
ts42022,4
ts42169,53
ts39007,100
ts42170,35
tm137898,35
tm137898,100
ts41149,100
tm197058,100
tm197058,86
tm143914,67
tm143914,100
tm245271,53
ts53287,100
tm143984,100
tm143984,10
tm143984,35
ts38734,35
ts80596,69
ts83224,70
tm225308,35
tm225308,14
tm225308,24
tm239733,43
tm138051,30
tm138051,35
tm138051,100
tm138051,34
ts38090,34
ts38090,14
ts38731,44
ts38731,35
tm215911,46
tm246175,89
tm202759,100
ts38204,100
tm206698,100
ts42119,100
tm209987,100
ts144323,100
ts42257,58
ts38304,99
ts42090,100
tm224255,83
tm224255,60
tm238748,100
tm149150,100
tm149150,34
tm149150,35
tm194792,100
ts37464,71
tm374656,100
ts21986,100
ts36046,100
tm120108,19
tm120108,100
ts37971,100
ts42089,100
tm308241,100
tm308241,14
tm132273,100
ts38710,100
ts38710,14
tm136483,100
tm196296,35
tm196296,30
tm196296,100
ts36177,6
ts38415,14
ts41852,8
ts36856,100
tm246056,100
ts43209,24
tm232947,35
tm232947,46
tm266844,100
tm372610,35
tm134052,46
ts82825,4
tm244788,100
ts78442,100
tm351214,100
ts52838,11
ts53099,32
ts83450,97
tm247631,96
tm247631,24
tm266629,100
ts42687,35
ts261760,4
tm139532,100
ts84398,46
tm221740,14
ts58068,35
ts53249,100
ts41906,53
ts35596,100
tm272484,100
tm238681,100
ts36547,67
tm136321,100
ts41948,14
tm205890,100
tm205890,34
tm205890,35
ts37660,58
ts52830,100
tm218052,46
ts38712,53
tm204035,100
tm270982,70
tm200126,100
tm200126,14
ts38764,34
tm208713,46
ts81483,34
ts56748,100
tm219233,35
tm219233,100
tm243931,11
ts76092,67
tm238486,100
tm244915,46
ts35256,100
tm244052,100
tm246579,100
tm134791,100
ts42127,35
tm171965,100
tm198786,76
tm233214,35
tm233214,49
tm233214,52
tm233214,83
tm137869,100
tm421855,100
tm271839,100
tm214825,100
tm66466,46
tm234735,46
tm273933,100
tm238722,100
ts35362,30
tm228657,70
tm219248,100
tm212968,100
ts38769,100
tm267419,100
tm245594,46
tm267948,30
tm243121,100
ts43230,6
tm142881,100
tm233539,46
ts41963,100
tm233317,100
ts51368,100
tm137002,46
tm151716,100
tm238717,88
tm244403,100
ts3844,100
tm275800,4
tm275800,30
tm233425,53
tm219699,46
ts52825,19
tm244923,96
ts76079,34
ts41154,30
tm208903,14
tm208903,100
tm263743,43
tm278279,100
tm252245,93
tm252245,35
ts41253,19
tm246543,38
tm246543,34
tm242687,70
tm193125,100
ts55365,58
tm225416,100
ts43501,35
ts76956,6
ts41883,58
tm209037,17
tm227523,69
ts37779,35
ts36983,100
ts42137,100
ts41995,6
tm230524,11
tm271333,76
tm211510,100
tm195764,100
tm239769,100
ts38717,53
ts38116,53
tm139590,41
tm233360,45
tm233843,46
tm244513,34
tm244513,83
tm245102,30
tm228839,96
ts38758,53
tm219817,46
tm253083,100
tm230551,19
tm230551,41
tm135106,100
tm232090,100
tm239762,100
tm554110,69
tm136257,100
tm136257,37
tm228677,100
tm228677,19
tm252609,69
ts55559,100
ts42156,14
ts38757,100
ts154625,34
tm239707,100
ts35406,14
tm236999,30
tm193388,46
tm239764,100
tm234466,11
ts35987,100
tm234586,46
tm276430,99
tm272666,76
tm134516,19
ts38772,58
tm233521,100
tm375681,19
tm375681,41
tm272854,46
tm245042,46
tm205812,105
tm205812,44
tm299230,11
ts42075,96
tm233616,100
tm236725,35
tm228242,100
tm236705,67
ts38809,100
tm157283,67
tm236659,100
tm233344,46
tm244577,19
ts38770,100
tm274053,100
tm147082,100
tm224377,76
tm239635,35
tm206512,100
tm230426,100
tm244880,100
tm244880,14
tm235005,14
tm235005,69
ts53543,58
tm183176,6
tm246485,46
tm243849,100
ts43258,46
tm123789,100
tm233196,100
tm232954,100
ts35775,100
ts38805,6
tm270555,100
tm270555,5
tm219276,100
ts38568,100
tm247642,100
tm247642,25
ts54100,100
ts54100,51
ts39017,100
ts54022,53
ts38512,100
tm233465,100
tm244638,100
ts55556,97
tm245378,100
tm201365,46
tm239290,76
tm232855,76
ts86021,34
tm238661,100
tm238661,14
tm238661,35
tm233533,100
ts52829,35
tm225693,100
ts53155,35
tm214085,100
ts35360,14
ts43119,100
ts36630,100
ts53106,100
ts53106,53
ts35463,100
tm267135,11
tm211478,46
ts54110,44
ts36740,100
tm229542,100
tm247767,96
tm279828,76
ts53346,100
tm242736,100
ts74753,6
ts42155,100
ts43272,53
tm209950,100
tm193211,96
tm239683,100
tm245235,100
ts35505,5
ts21979,34
tm549892,0
tm290157,35
ts39014,53
tm239947,100
ts42347,100
tm195870,100
tm245297,100
tm211571,96
ts52988,100
ts56544,68
tm239774,100
tm266628,100
tm208628,46
tm233544,100
tm242646,34
tm242646,30
tm221225,35
ts52950,97
tm241998,46
tm282915,53
tm242765,6
ts53149,58
ts56674,100
tm197503,46
tm136036,76
tm240007,100
tm213681,58
tm207668,46
tm266622,100
ts37804,100
tm212909,76
tm220473,100
tm272413,100
tm290444,58
tm226320,96
ts52981,100
tm233015,46
tm200454,46
tm232931,100
ts41151,53
tm244380,76
tm203056,96
tm245791,43
tm231911,76
tm311456,96
tm350159,69
tm221883,14
tm240733,30
tm193378,100
tm215054,100
tm233121,96
ts38813,100
ts38813,6
ts38813,35
tm234069,96
tm220317,100
tm207734,100
tm211424,46
tm230478,100
tm211273,100
tm227922,100
tm211302,100
tm214589,76
tm283909,76
ts41485,96
tm219739,76
tm198842,96
ts79799,100
ts41258,58
ts38761,58
tm148662,4
tm148662,103
ts56221,19
ts128895,53
ts119087,13
ts54010,58
ts74929,34
ts53065,58
ts52943,58
ts21876,19
ts55966,100
ts82327,86
ts86831,45
ts75829,100
tm424879,53
tm227044,46
tm245148,100
tm198496,100
ts83535,34
ts83535,86
ts83535,100
ts81898,35
ts81898,6
ts43341,53
ts53513,97
ts74917,6
tm229140,100
ts75897,100
tm451222,90
tm316567,53
tm225675,100
ts54117,14
tm232267,100
ts51367,14
ts77654,100
tm235232,29
ts82582,90
ts42628,100
tm233463,96
tm240728,100
tm205333,76
tm283938,84
tm233023,100
ts38812,100
tm199987,100
ts98252,100
tm242002,100
tm218683,
ts95803,35
tm257141,100
tm275726,67
ts83449,97
tm281182,100
tm244842,76
ts55223,6
tm234064,24
tm234064,60
tm206875,46
tm246810,46
tm215265,24
tm215265,80
tm215265,34
ts54156,100
tm224275,52
tm224275,60
tm224275,83
tm224275,80
tm224275,0
tm224275,34
ts42260,100
tm811691,35
tm340927,46
tm296203,96
tm217986,46
tm244079,67
ts83454,97
tm350044,60
tm350044,70
tm350044,35
tm350044,25
tm335263,100
tm247396,100
tm628693,46
tm233648,14
tm282988,24
tm247159,104
tm243070,29
ts91990,100
tm247444,46
tm452046,70
tm244041,35
tm244041,70
tm244868,95
tm313374,23
ts285233,68
tm494288,69
tm421382,46
tm456667,
tm274924,105
tm540757,46
tm1065283,93
ts82475,90
tm1223831,46
tm1254098,
tm295349,67
ts127430,100
ts253685,68
tm562821,0
tm526163,46
ts249161,100
ts107658,53
ts107658,100
ts79813,100
ts81927,100
ts53864,100
ts55668,24
ts77795,35
ts56683,100
ts78801,100
ts42405,100
ts42477,24
ts81294,100
ts83970,100
ts54102,100
ts58433,100
ts81884,35
ts77398,100
ts56768,30
tm244234,34
tm244234,51
tm244234,11
tm244234,100
ts75151,100
tm244208,100
ts75097,100
tm403324,100
ts53023,100
ts53198,100
tm242705,8
tm242705,34
tm242705,100
ts39015,100
tm315858,100
tm315174,100
tm315174,35
ts75879,100
ts53663,14
ts78305,30
ts55720,100
ts81064,100
ts77955,100
ts55982,14
ts77030,100
ts82597,100
tm406111,35
tm406111,100
ts56969,100
ts80856,100
ts76243,35
ts80523,53
ts57850,100
tm318206,100
ts78356,25
ts54054,100
tm436844,100
tm272060,84
tm272060,35
tm272060,8
tm272060,24
tm272060,34
ts53545,100
ts82892,35
ts82584,100
ts57120,100
ts79229,100
ts58367,35
ts80705,100
ts77824,100
tm315344,19
tm315344,14
tm315344,100
ts84243,51
ts56261,100
ts76458,32
ts83745,100
tm287684,14
tm287684,35
tm374132,100
ts83540,100
tm312676,14
tm312676,100
ts55798,58
ts72247,100
tm266670,100
tm266670,35
tm266670,44
ts84645,100
ts80617,96
tm349006,100
ts74816,100
ts86164,53
ts78382,100
ts57465,100
ts82559,35
ts82559,100
tm361759,100
tm361759,35
tm321596,100
ts84932,11
tm340994,19
tm340994,20
tm340994,100
tm406864,100
tm406864,19
ts56933,73
tm368538,8
tm368538,34
ts58175,100
ts84280,53
tm348568,100
tm350379,34
tm350379,14
ts83247,100
tm298846,100
ts74809,100
tm366820,100
tm244220,35
tm244220,100
ts78231,100
tm320570,100
tm320570,14
tm321628,6
tm412550,100
ts75263,100
ts42294,100
ts84644,100
ts78590,11
tm244307,100
tm313149,100
ts78145,100
ts85732,100
tm371959,100
ts81331,100
tm437608,100
ts82526,100
ts84346,100
ts84346,67
ts85202,100
ts83561,96
tm367185,100
ts76417,8
tm366019,76
ts82849,100
tm425889,100
ts84200,100
tm246870,14
tm246870,100
tm327053,11
tm232953,100
tm320489,24
ts82192,11
tm428453,97
tm428453,100
tm428453,19
tm428453,34
ts57055,100
ts58225,100
tm371619,90
tm371619,43
tm371619,68
tm375912,35
tm431347,100
tm311283,100
tm435487,43
ts81208,100
tm355666,100
tm328443,58
ts269185,100
ts84328,6
tm372891,100
tm405738,4
tm405738,30
tm440415,100
tm324124,100
ts85659,100
tm425884,100
ts85175,94
ts57082,35
ts79234,100
tm413049,19
ts81857,67
tm233362,100
ts84785,100
ts79422,100
ts81886,100
ts77545,100
tm363231,53
ts55231,100
ts76869,53
ts78692,100
ts57210,100
ts77799,100
tm352774,100
tm411958,100
tm324870,100
tm359975,58
tm360618,36
tm414595,100
tm408104,35
tm365482,34
tm365482,100
tm330005,19
tm330005,100
ts78558,100
tm372486,24
tm413955,25
tm362121,67
tm362121,70
tm139870,100
ts82424,100
ts312241,100
ts77525,100
tm238587,105
tm238587,100
tm238587,24
ts85967,100
tm280828,100
ts83999,35
tm429208,14
tm429208,19
ts83070,100
tm416105,100
tm275004,14
tm270987,34
tm270987,14
tm313712,46
tm353046,100
tm405849,19
tm405849,53
tm283559,78
ts56038,100
ts75355,51
ts80313,100
tm294581,100
tm407295,100
tm426274,100
ts55962,100
ts54013,53
tm323195,100
ts86949,35
tm315865,11
tm420800,34
tm238377,100
ts84772,53
ts85034,100
tm363329,14
tm429382,100
tm321627,6
tm307776,46
tm322569,100
tm370628,100
ts85217,100
ts57116,6
tm422359,76
tm430057,5
tm430057,48
tm430057,100
ts84779,100
ts84574,100
tm416121,43
tm359713,100
tm434676,100
ts77770,53
tm348386,100
tm426202,100
tm286520,100
ts81036,100
tm438994,100
tm423761,100
tm287041,56
ts80208,30
tm411313,16
tm411313,2
tm411313,51
tm411313,78
ts86302,43
ts57985,100
tm370436,73
tm409618,100
tm348175,44
ts84930,34
tm429163,30
ts75491,100
ts75772,35
tm362881,53
tm363003,100
ts53516,100
tm359978,58
tm440996,100
tm413082,100
ts80445,
tm233485,100
ts80057,53
ts77852,100
tm411415,100
tm320281,100
tm429377,100
ts85138,100
tm244191,100
tm359658,43
tm429186,30
tm411358,100
tm313748,100
tm414073,100
tm414073,14
ts56827,58
ts83906,100
tm404690,100
ts80461,100
tm307761,46
tm244134,100
ts78430,35
tm1883,100
tm1883,30
tm1883,19
ts83251,100
ts76753,58
tm407730,43
tm437631,100
tm348845,100
tm362074,8
tm362074,50
tm362074,89
tm285295,35
tm349529,21
tm349529,100
tm448122,100
tm409494,100
tm313424,46
tm372662,30
tm346867,100
tm319477,100
tm323634,100
tm306631,100
ts79926,35
tm279017,100
ts79997,58
tm316658,100
tm327652,100
ts75012,53
tm445735,100
tm360945,46
ts80859,19
ts81542,14
ts84038,100
tm355724,100
tm431081,69
tm374845,53
tm320756,100
ts83663,97
tm411311,35
tm357272,100
tm358242,100
tm411503,100
tm459527,96
ts84179,100
ts55645,100
tm313988,100
ts75286,100
tm372969,46
ts79157,53
tm316744,100
tm299730,58
ts58155,14
ts76511,35
tm414962,43
tm411257,100
tm419496,46
tm405901,100
ts79045,100
tm414340,100
tm426117,51
ts80035,100
tm244197,100
tm244197,14
tm244197,19
tm244197,79
tm244197,35
tm320785,100
ts80600,67
tm427465,100
tm420789,46
tm428483,76
tm308090,100
ts76949,14
ts81944,100
tm445456,46
tm359150,51
tm359150,8
tm359150,34
tm315850,100
tm408306,14
tm440678,58
ts78789,53
tm368241,100
tm346398,100
tm434179,30
tm336227,105
ts85810,0
tm344336,34
tm327619,46
tm300447,100
ts84833,67
ts77197,100
tm311815,100
ts74765,46
tm441060,100
ts81596,88
tm356666,100
ts80466,35
tm441198,100
ts56511,30
tm320727,100
ts56201,14
ts87194,6
tm266666,100
tm372305,100
tm358813,100
tm361770,100
tm421335,100
tm449860,69
tm307551,35
ts85250,100
tm325650,19
tm325650,6
tm325650,100
tm434917,34
tm417440,30
tm233484,19
tm438502,30
ts80720,19
tm366590,100
tm366590,46
tm279585,100
tm327219,100
tm425944,70
tm425944,90
tm425944,34
tm320249,100
ts55781,8
ts55781,34
tm242108,100
tm365122,0
tm365122,100
ts77518,53
tm288499,100
tm288499,35
tm375962,11
tm375729,19
tm430307,105
ts86814,100
ts236347,53
tm322210,30
ts85618,100
tm410435,100
ts80692,53
tm429174,30
tm429174,34
ts80084,53
tm273294,100
tm315345,15
tm443073,100
tm428073,30
tm366972,58
tm352033,24
tm352033,51
tm350607,14
tm350607,100
ts83232,78
ts9075,100
tm414676,11
tm367008,100
ts78217,30
tm327636,100
tm371622,4
ts56648,100
ts111582,30
ts84056,30
ts78507,100
tm835357,67
tm371380,100
ts55939,89
tm434727,100
ts81344,100
ts75477,100
tm352705,35
ts77011,53
tm435144,100
tm307950,100
ts78913,58
tm311902,100
tm309115,46
tm350,100
tm437159,100
tm430104,58
tm244174,58
tm244174,100
tm436266,73
tm443283,100
tm358239,100
ts78298,58
tm373873,100
tm412273,100
tm306680,51
ts58480,100
tm327708,46
tm239286,100
tm375007,100
ts81734,19
tm346390,100
tm407775,34
tm285356,56
tm285356,100
ts79988,53
tm424888,67
tm444821,51
ts81918,100
tm300280,14
tm408871,30
tm420745,14
tm420745,100
tm293867,100
tm299764,67
tm299764,30
tm299783,30
tm307751,46
tm409376,20
ts76478,58
tm319127,46
tm319127,100
tm357589,35
tm357589,100
tm357589,34
ts84799,30
tm416620,34
tm416620,30
tm300056,30
tm374226,100
ts85276,58
tm430459,67
tm362180,100
tm243326,35
tm243326,100
ts79856,53
tm310706,100
tm851133,69
tm447261,100
tm351688,100
tm307612,100
tm351505,58
tm366973,100
tm375091,100
tm244519,19
tm244519,100
tm244519,14
ts80030,100
tm271951,100
tm271951,35
tm313683,30
ts82372,100
ts86279,100
tm412623,35
tm307515,30
tm307515,100
tm434776,100
tm346943,100
tm431169,97
tm431169,100
ts83045,19
tm367613,46
tm233294,100
tm344886,45
tm344886,63
tm344886,100
tm344886,10
tm344886,35
tm357708,58
tm305227,67
tm362047,100
tm369433,46
tm426238,68
tm363922,78
tm363922,86
tm363922,85
tm266652,53
tm443993,30
tm438995,100
tm363103,14
tm368040,30
tm368040,35
tm368040,100
tm314705,100
tm446987,35
tm260272,100
ts82564,53
tm300615,100
tm367473,34
tm319818,35
tm319818,100
tm348467,101
tm348467,4
tm348467,11
tm348467,34
tm348467,24
tm299790,100
tm324588,100
tm217228,100
tm456983,46
tm430496,100
tm417317,46
tm411528,100
ts89130,30
tm317542,100
ts77957,100
tm244229,34
tm244229,24
tm244229,51
tm244229,30
tm244229,4
ts82189,53
tm473647,100
tm430120,67
tm430120,30
tm430120,101
ts78291,24
ts57439,100
ts57464,100
tm244300,24
tm245937,100
tm421161,100
ts57947,8
ts84602,6
tm307767,46
ts80413,58
tm307774,46
tm413129,76
ts82705,11
ts82705,14
tm286532,24
ts78353,58
tm315340,43
tm465864,0
tm244175,23
tm244175,35
tm244175,100
tm374216,100
ts83457,30
tm307283,6
ts80959,46
tm244206,100
tm446206,14
tm446206,44
tm444907,46
tm353627,100
tm434883,35
ts58152,30
tm369315,46
tm443034,30
ts84977,100
ts52821,35
ts55194,100
ts81821,20
ts89538,30
tm427293,30
tm411856,100
ts75157,100
tm414447,97
tm320817,46
ts82560,73
ts87369,14
tm376840,100
tm359714,100
ts56594,100
tm357479,100
tm357479,10
ts89372,58
ts83537,78
tm244233,100
tm353875,11
tm411467,34
tm363088,35
ts78053,53
ts87043,100
tm242887,46
tm245155,0
tm347060,46
tm359931,100
tm439854,46
tm493814,43
ts81757,67
tm313974,100
tm450769,46
tm326089,46
ts82302,100
tm413557,53
ts84533,100
tm366567,100
tm430660,68
tm439678,4
tm350971,75
tm319310,46
tm290831,100
tm447514,100
tm211554,14
tm211554,19
tm211554,90
tm211554,100
tm211554,35
tm211554,43
tm323300,100
tm475268,69
tm139545,100
tm244148,100
tm244148,35
ts76771,100
tm371900,35
tm420797,100
tm438250,4
tm438250,67
ts55491,100
ts81885,100
tm418870,8
tm418870,34
tm463592,53
tm463592,35
tm285649,96
tm285649,100
tm299771,34
tm285107,100
tm285107,35
tm368449,100
ts56481,100
tm369179,100
tm432327,46
tm426994,46
tm311789,100
tm283322,100
tm438005,76
ts85236,69
tm324806,100
tm349140,
tm445899,100
tm445899,78
tm430666,68
ts79409,53
tm314295,100
tm314295,70
ts84372,58
tm359786,69
tm447788,100
tm347821,100
ts56718,100
tm406831,53
ts85515,94
ts78452,35
tm314138,11
tm227940,6
ts84010,6
tm409942,34
ts77467,53
ts85895,86
tm300054,30
ts85837,58
tm315424,100
tm315424,35
tm404828,58
tm451283,69
tm314939,105
ts82268,46
tm244317,100
tm366143,45
tm320206,100
tm374357,6
tm359030,100
tm320255,94
tm348993,71
tm348993,100
tm348993,50
tm363248,100
ts84335,78
tm325102,100
tm327951,43
ts75320,97
tm244325,24
tm244325,35
tm449070,100
tm449070,35
tm266705,30
tm1003222,69
tm409817,46
tm409817,34
ts56670,100
ts76133,100
tm409456,34
tm409456,46
tm409456,100
tm348010,100
ts57424,34
ts55936,58
tm410742,51
tm410742,16
tm410742,34
tm412515,4
tm412515,51
tm413266,100
tm413266,14
tm413266,53
ts41527,100
tm417496,100
tm361161,35
tm447750,53
tm349418,69
tm404610,100
tm407881,34
ts53101,58
tm368006,100
ts57303,100
ts77034,19
tm356563,73
tm356563,35
tm356563,24
ts82500,100
tm316923,43
tm285712,100
tm352588,100
tm295558,70
tm295558,34
tm295558,17
ts85968,79
tm478066,54
ts84135,67
tm315584,53
tm351101,34
tm351101,30
tm423373,46
tm244521,100
tm374454,14
tm839847,100
tm294696,96
tm356742,
tm440946,14
tm300184,35
tm512751,69
tm362098,100
tm324155,100
tm448690,100
ts56480,35
tm334949,24
ts85568,24
tm420334,100
ts57913,58
tm221953,46
tm363878,46
tm366383,96
tm305437,100
tm299677,100
ts80411,58
tm313120,100
ts57814,53
ts53693,35
tm349278,14
tm324753,11
tm431214,59
ts53936,96
ts57281,100
ts86169,100
tm367065,100
tm367065,90
tm367065,35
tm420274,6
tm422715,46
ts90594,100
tm337040,100
tm434126,11
tm420348,100
tm349134,17
ts80519,100
tm359103,53
tm348281,35
tm320670,34
tm320670,62
tm320670,100
tm139885,49
tm139885,100
tm139885,34
ts228255,34
tm430090,82
tm432838,30
ts84904,6
tm322243,14
tm322243,100
tm442354,46
tm375547,30
tm270504,35
tm408781,77
ts75749,58
tm515157,100
tm298084,42
ts82218,53
ts39016,100
ts84646,25
ts83071,100
tm365670,75
ts84555,67
tm352865,100
ts77520,53
ts83429,19
tm307910,100
tm285298,100
tm317110,58
tm369456,90
ts82127,53
tm429984,14
tm429984,34
tm429984,62
ts83359,58
ts80090,53
tm433381,30
ts78299,100
ts57822,35
tm219252,100
ts81318,45
tm413726,24
ts76603,53
tm219258,44
tm219258,14
tm307997,24
tm218186,100
ts83455,100
ts83455,35
ts78707,100
tm370232,100
tm289882,76
tm321149,11
tm364206,11
tm478967,0
tm407827,8
tm407827,70
ts79660,35
ts79660,14
tm312577,53
ts84782,58
ts84782,100
ts77474,58
tm376844,20
tm376844,67
ts76313,6
ts85126,100
ts84330,94
ts83213,19
tm327540,100
tm327540,14
tm327540,35
tm311319,19
tm311319,41
tm372318,34
ts56033,20
tm424898,32
tm424898,67
ts75887,35
tm314677,67
tm298779,53
tm245176,48
tm245176,35
ts89069,25
ts89069,100
tm322200,30
ts56125,67
ts90596,44
ts90596,100
ts90596,14
tm300027,30
ts82085,53
tm447328,100
tm364417,78
tm358188,67
tm311995,58
ts80479,58
ts82445,19
ts79026,35
tm434202,35
ts83763,35
tm285329,100
ts86296,35
tm424162,97
tm408941,44
tm320949,67
ts81485,100
ts75676,30
tm407714,34
tm219259,14
tm280060,100
tm357820,100
tm311898,14
tm311898,100
tm404475,100
tm344173,100
tm370392,100
ts86945,100
ts55576,100
ts82843,100
ts78767,51
tm370472,
ts82867,100
tm305112,58
tm349803,100
tm349803,14
tm420989,100
ts85822,46
tm347530,100
ts74805,100
ts81526,34
ts76865,53
tm327551,25
tm327551,30
tm421748,46
tm1068348,
ts82298,58
ts83360,58
tm367250,70
tm321224,100
ts78246,35
ts57148,100
tm447263,100
ts79219,100
ts88234,35
tm425138,53
tm403197,60
ts78206,58
ts82296,58
ts74823,100
tm346467,100
ts79707,4
tm365824,46
tm349752,100
tm351216,100
tm442805,96
tm444576,100
tm244277,46
ts86682,100
tm460961,46
ts78080,100
ts85170,58
tm371630,24
tm275437,100
ts80059,35
tm371952,46
ts79330,35
tm317274,76
tm409220,69
tm369210,20
ts55232,53
tm411507,100
tm406881,100
ts76646,53
tm244368,100
tm361743,58
tm361743,34
tm361743,53
ts57080,100
tm266685,100
tm317566,100
tm417111,75
ts54050,100
tm351171,96
ts55627,100
ts84780,20
ts70631,53
tm358746,14
tm425732,100
tm244321,67
tm244321,100
tm270999,100
tm354644,30
ts57964,100
tm326723,100
ts90994,100
tm409766,35
tm409766,100
ts74962,14
tm285340,100
ts75750,58
tm345225,46
tm273600,53
ts53399,19
ts76486,58
tm440255,78
ts83554,100
ts55533,67
ts55978,53
tm271959,100
ts78444,100
ts116101,35
tm429383,58
ts76245,67
ts82181,53
tm263427,24
tm263427,30
ts53264,58
tm285171,100
tm300713,53
tm313487,100
ts84985,35
ts224746,4
tm351201,96
tm317491,46
tm430059,76
tm851055,
tm408257,4
tm408257,100
tm352642,60
tm352642,80
tm450512,77
ts57811,53
tm418039,100
ts58442,58
tm358609,30
ts56636,58
ts81583,58
tm306811,6
tm306811,100
tm370430,67
tm370430,100
tm349138,100
tm372917,24
tm372917,51
tm372917,16
tm372917,102
tm372917,34
tm326704,46
tm307843,46
ts80342,76
tm326270,100
tm313118,96
tm348191,76
tm416134,4
tm241990,53
ts82565,86
ts57300,100
tm351720,100
tm351720,8
tm351720,35
tm408890,30
ts58297,14
ts82323,97
ts83710,100
ts79020,35
tm445153,46
tm433087,68
ts81827,100
tm376709,67
tm376709,100
tm376709,17
tm367105,20
tm370781,17
tm478147,69
tm478147,71
tm205870,35
tm205870,100
tm205870,8
tm205870,14
ts76159,14
tm309903,24
tm309903,25
tm309903,70
tm309903,35
ts75718,100
tm426569,30
tm426569,101
tm426569,4
ts86067,100
tm420311,11
ts84597,100
tm416458,67
tm345767,30
tm370440,100
tm244310,46
tm232710,76
ts83407,100
tm431769,46
tm431769,5
tm431769,24
tm336084,46
tm246330,46
tm354136,67
tm369452,4
ts85183,11
ts53367,53
tm504329,69
tm504329,100
tm431760,68
ts80042,14
tm244274,100
tm370447,30
ts75341,53
ts76793,100
tm435333,53
tm346334,50
tm346334,35
tm349656,78
tm349656,4
tm349656,11
tm349656,25
tm349656,34
tm349656,24
tm464947,69
tm369453,67
tm350887,14
tm300440,34
tm326773,30
ts83204,35
tm372054,30
tm406098,70
tm406098,71
tm406098,89
tm406098,25
tm408892,51
tm408892,30
tm376801,100
tm431928,46
tm436704,100
ts80751,100
tm166810,46
tm372061,46
tm438423,76
tm368284,20
tm376015,100
ts82160,100
tm266702,34
ts92825,100
tm328175,34
tm340587,46
tm376234,30
tm369079,100
ts53166,100
tm444257,46
tm362737,16
tm433215,76
tm429567,100
tm299761,30
ts83790,58
tm296398,58
tm314477,30
tm424032,30
tm424032,4
ts77219,58
tm325610,100
tm353247,46
tm307698,76
tm346939,100
tm353791,76
tm407349,11
tm244473,70
tm244473,52
tm244473,24
ts81414,19
ts55484,58
tm356684,8
tm356684,30
ts56251,53
tm350116,46
tm328233,46
tm430748,46
tm374395,46
ts54112,97
tm242906,46
tm415245,68
tm321563,35
tm321563,25
tm321563,39
ts86360,19
ts76509,100
ts77014,96
ts55581,58
ts113109,35
tm418894,67
ts82875,53
ts255677,
ts90880,51
tm416341,53
ts85660,58
ts79585,100
ts78099,6
ts78099,100
ts83814,20
ts78031,78
tm361588,14
ts75164,100
ts55735,97
ts89067,53
ts75357,100
tm351181,96
ts83430,53
tm311494,51
tm314272,11
ts58061,19
ts80410,53
ts77563,100
tm376421,53
tm436171,4
tm449262,46
tm361312,100
tm332500,76
ts84484,100
tm245383,100
ts77755,100
ts80993,19
tm362878,43
ts95569,100
ts83025,
tm446558,96
tm153164,46
ts57291,53
tm815509,
ts95274,34
tm445255,46
ts82770,30
ts321277,100
tm364525,100
ts317239,53
tm481188,69
tm368697,76
ts81632,97
tm483331,69
tm368441,46
tm321035,29
ts118696,58
ts103638,100
ts84341,97
tm440324,20
tm352951,76
tm410298,51
tm410298,34
tm414746,67
tm1242721,
tm364769,46
tm364769,72
ts259770,75
tm441915,100
ts236619,100
tm422510,29
tm138667,46
ts83489,11
tm426260,43
tm350945,43
tm423802,4
tm445852,76
tm421125,29
tm428597,100
ts81856,11
tm432313,46
ts78757,100
tm423593,43
ts82887,53
tm438105,23
tm848483,
tm368729,46
tm375836,60
tm446104,76
tm443537,46
tm1073233,
tm428877,96
tm328041,7
tm328041,46
tm423315,75
ts268283,53
tm362264,98
tm1073482,
tm373134,96
tm311193,29
tm312738,46
tm412489,8
tm412489,34
tm412489,83
tm412489,95
tm452767,46
tm371188,43
tm819641,
tm407318,67
ts104093,14
ts250172,11
tm701033,23
ts362754,69
ts84167,97
tm1063790,18
ts112279,
tm411508,46
tm478701,69
tm885237,
ts119220,100
tm1223999,46
tm411649,46
ts80671,100
tm458074,11
tm458186,7
ts81828,100
ts93947,6
ts97584,100
ts83925,4
tm404449,67
tm430281,46
tm858406,69
tm995893,80
tm440208,98
tm479734,14
tm479734,105
tm373864,4
ts94470,100
ts229123,46
tm459024,51
tm459024,4
tm1223783,46
tm856881,69
tm476959,60
tm1246714,69
tm426367,67
tm345960,67
tm327538,105
tm448479,34
tm448479,83
tm448479,95
tm344562,60
ts231159,
tm1118527,
tm1073433,
tm479933,46
tm322128,29
tm322128,0
tm322128,71
tm322128,83
tm480647,55
tm413418,46
ts363931,58
ts272185,58
ts82375,53
ts374410,88
ts107543,90
ts266916,105
ts265844,
ts119730,
tm476960,
ts106612,
ts383019,
tm834886,59
ts86600,100
ts235655,100
ts88613,35
ts87466,53
ts89259,100
ts82914,100
ts90311,53
ts86497,100
ts57327,100
ts219660,53
ts88361,100
ts76645,100
ts84146,100
tm441050,35
tm441050,100
ts81007,35
ts304505,100
ts359690,58
ts216679,100
ts87248,100
ts82915,35
ts216746,100
ts87953,100
ts223986,100
ts81120,100
ts89210,100
ts236531,100
ts90234,100
ts57213,100
ts57213,35
ts89840,100
ts221904,25
tm318637,50
ts92547,96
tm824398,30
ts213820,100
tm375883,30
ts281928,100
ts235758,100
tm244149,100
ts88577,100
ts280367,100
ts82913,100
ts216539,100
tm325325,100
ts88379,35
tm827638,100
ts221200,100
tm435086,14
ts88262,35
ts100116,14
ts252505,100
ts89564,100
ts250997,100
ts83555,100
tm911973,100
ts55762,58
ts225522,24
tm353358,35
tm353358,100
ts224901,35
tm823895,14
tm823895,100
ts223210,35
ts103133,100
ts237104,35
ts237488,105
ts237109,67
ts246072,24
tm423666,19
ts87453,100
ts227305,100
tm886268,100
ts255427,100
tm421132,100
tm421132,35
ts189422,71
tm441231,51
tm441231,64
tm441231,100
tm441231,14
ts250912,100
ts268508,35
ts222439,58
ts161737,100
ts80962,100
ts251094,100
ts251094,46
tm889018,17
tm827510,100
ts225512,100
ts222988,6
ts82361,53
tm244207,100
ts89028,46
ts251028,97
ts89339,100
ts250801,67
tm403709,35
ts251615,100
ts103702,35
ts222917,100
tm810237,100
ts254537,11
ts225860,71
ts219895,100
ts224303,19
ts255104,100
ts254656,100
ts87008,35
ts89747,30
tm369594,100
ts223548,100
ts249891,100
ts223530,58
ts252756,58
ts84993,100
ts255585,58
tm316311,30
tm316311,8
tm316311,11
tm316311,34
ts90280,67
ts268758,46
ts237513,53
ts287836,8
tm847998,100
ts217356,46
ts224164,35
tm849005,14
ts235915,94
ts225544,100
ts87698,30
ts254916,100
ts103213,105
ts269280,105
ts237499,78
tm827648,100
ts223981,100
ts251420,100
tm887369,100
tm831873,4
tm407779,8
tm407779,70
ts103209,100
ts105645,100
ts88469,8
tm919106,35
ts91034,46
ts190452,30
tm120072,100
tm881162,100
tm503508,53
tm503508,35
ts215046,62
ts235672,46
ts224023,19
ts223589,100
ts223948,100
ts224198,58
ts256783,100
ts84633,53
tm845489,35
ts252098,35
ts90019,100
ts100359,100
ts221016,35
ts223344,96
ts257949,58
tm922788,100
tm927480,100
ts236685,30
ts189405,11
ts189405,35
ts223982,34
ts101060,100
ts95997,100
tm848996,100
tm453099,100
tm1018418,100
ts266966,59
ts105192,6
tm349021,100
ts254767,100
tm305433,100
ts88937,105
ts254600,100
ts223240,58
tm922429,100
tm863808,105
tm863808,35
ts86912,100
tm239927,100
tm239927,35
ts251621,100
ts237107,100
tm845484,100
ts256606,100
tm893816,100
tm947308,0
tm947308,29
tm947308,84
tm947308,88
tm931686,100
ts241486,53
ts88352,58
tm571805,100
tm571805,35
ts256898,24
ts256007,89
tm444469,76
tm444469,90
ts237096,100
ts191559,100
ts89876,100
tm416779,100
ts219101,34
ts225669,53
ts251618,35
ts255418,46
tm918706,100
ts85619,30
tm814150,8
tm814150,34
tm827501,100
tm824165,100
tm827168,100
tm827168,53
ts256309,6
tm948100,46
ts191121,11
ts86413,100
ts89231,100
tm676311,100
tm447963,100
ts223077,100
tm855600,100
tm834121,100
tm834121,67
ts87489,100
ts90729,100
ts91087,58
tm893799,34
tm893799,8
ts103574,91
tm467467,100
ts222705,58
tm883189,14
tm883189,100
tm936236,71
tm936236,89
tm855483,100
ts254592,100
tm449590,100
tm483997,35
tm483997,100
ts85480,53
ts275111,100
ts275111,6
ts252758,100
ts89119,35
tm827216,100
tm827216,35
ts243036,100
ts107724,24
tm441232,100
tm681578,100
tm450673,100
ts90508,35
tm348403,35
tm348403,100
tm348403,34
tm845415,100
ts216593,67
tm832345,78
ts251782,100
tm413660,14
tm413660,100
tm914535,100
ts113842,35
tm821164,53
tm821164,100
ts255434,58
ts84639,53
ts251378,11
ts218776,
tm823545,14
tm921316,100
ts252341,100
ts251157,100
tm473813,46
tm890660,30
ts223126,100
ts104449,100
ts84586,100
ts221749,53
ts103329,53
ts105542,100
tm853953,100
tm494731,100
ts250800,11
tm466954,100
tm460360,34
tm460360,30
ts237208,100
ts237208,35
tm510203,100
tm428506,46
tm921416,46
ts89696,67
tm846941,100
ts85451,30
ts254568,24
ts251617,100
ts89315,34
tm827640,100
tm922532,24
ts89740,41
tm898773,46
ts80709,100
ts84661,35
tm475339,100
tm1121246,14
tm1121246,35
tm1121246,100
tm919864,46
ts268560,58
tm885669,100
ts254982,35
ts251654,29
tm675171,100
tm918915,100
tm435520,100
tm415938,67
tm458721,100
tm885805,100
ts89326,58
tm829052,78
ts225102,58
ts90789,100
ts237751,76
ts225513,11
ts104401,71
ts93054,100
ts116814,8
ts268608,35
tm849004,100
ts252849,100
ts88471,11
ts215341,58
ts87320,14
ts215691,100
tm856545,4
tm524282,100
tm496322,100
tm453862,58
ts93981,67
tm455568,100
ts105441,35
ts110635,51
ts91124,58
tm830833,100
tm931436,35
tm931436,100
tm931436,14
tm931436,34
tm931436,53
tm917974,100
tm315255,41
tm315255,19
tm942240,67
tm942240,11
tm461827,30
tm883113,34
tm883113,8
ts242820,100
tm428856,6
tm460948,100
tm463806,100
ts218569,100
tm983787,100
ts112733,46
ts223659,46
ts90095,52
tm450832,34
ts216522,53
ts88296,70
tm846964,100
ts188840,100
tm840216,100
ts233530,35
tm868777,100
ts89744,24
ts222438,53
ts110637,34
tm843768,100
tm814861,46
tm936396,100
tm494295,100
tm854278,34
tm852097,53
tm858954,78
ts89656,19
ts93066,100
tm470240,100
tm455197,46
ts269442,100
tm884511,100
ts215869,
tm857430,30
ts87372,53
ts225651,35
tm954606,24
tm981863,29
tm458585,100
ts86726,100
tm917036,100
tm946604,5
ts361288,14
ts361288,25
ts361288,100
tm835486,100
ts87224,20
ts226602,100
ts95011,100
ts269397,78
ts218564,100
ts217719,100
ts252856,100
ts187541,58
tm873655,69
tm845424,25
ts268648,11
ts222609,58
tm847630,51
tm818154,100
tm832916,100
ts224906,19
ts236033,100
ts242210,58
tm494531,30
ts88076,58
ts82912,100
tm417553,100
tm446625,100
tm943718,100
tm838869,34
ts221293,58
ts87488,100
ts272134,100
tm814671,100
tm497383,100
tm497383,2
tm497383,52
tm497383,94
tm840196,100
tm417392,6
tm417392,100
tm847805,46
tm461366,78
tm332071,100
tm474618,67
tm474618,100
tm887450,14
tm887450,100
ts236747,100
tm932609,51
tm814644,100
tm443179,100
ts89291,34
tm843143,43
tm828369,12
tm828369,19
tm835305,100
ts225430,58
tm823459,100
tm368699,100
ts306187,100
ts237560,100
ts90356,53
ts88721,100
ts269157,34
ts121489,100
tm436630,14
tm436630,100
tm502532,100
tm887052,100
ts221851,58
tm498034,100
tm466255,100
ts255926,100
tm845437,100
ts129445,34
tm935895,51
tm935895,100
tm452996,100
ts88909,35
ts256297,97
tm916997,100
tm892081,100
ts252166,58
ts215683,19
tm443186,100
ts225101,58
tm484989,30
tm453098,58
ts90980,100
tm824331,100
ts226468,51
tm423140,35
ts258169,100
tm464351,35
tm464351,100
ts224891,53
tm461829,100
ts89282,30
tm843444,100
tm821789,100
tm820116,34
ts215378,96
ts86165,100
tm849022,100
tm886464,100
ts251779,58
ts251560,58
tm881859,100
ts190462,100
ts89679,97
tm368350,90
tm368350,34
tm368350,46
ts223238,58
tm948607,14
ts225912,24
ts226403,11
tm470560,100
tm461349,100
tm847085,100
ts223192,58
ts105825,50
ts83810,53
ts83810,100
ts83810,34
tm931330,100
ts236725,100
tm977772,54
tm898169,100
ts106141,11
ts214718,58
ts236850,60
tm514494,30
tm514494,24
tm459789,100
ts83491,100
tm372035,34
tm898759,100
ts255880,100
ts223759,100
tm426630,46
ts219162,100
ts106536,35
ts82739,8
ts82739,70
ts83082,100
ts250871,100
ts88744,35
tm858416,46
tm453903,30
tm973536,100
ts224907,58
tm855827,100
tm918701,30
ts87986,100
tm355413,35
tm355413,100
tm498803,100
ts219080,89
tm947555,100
tm845512,100
tm824559,100
ts268799,25
ts218176,100
ts226617,100
tm833638,53
tm439163,14
tm439163,19
tm439163,100
tm439163,6
tm894619,14
tm894619,100
tm470378,100
ts221151,100
tm450462,46
tm863890,24
tm464527,
tm952590,100
tm838687,100
tm819107,100
ts223456,100
tm458363,100
tm845532,100
ts225379,58
ts224859,100
ts254817,24
tm826875,34
ts236332,100
tm417416,100
ts213544,58
ts251929,100
tm880059,100
tm457856,100
ts236501,30
ts225867,35
tm418847,24
ts268551,58
ts85398,35
tm459512,100
tm848995,100
tm890674,100
ts252318,100
tm918962,14
tm898262,4
tm898262,30
tm898262,34
ts89182,97
tm850723,53
tm933826,46
ts286390,30
tm912373,100
ts215012,100
tm821143,100
tm810423,100
ts252015,100
tm467299,100
tm925225,
ts83657,100
tm917999,100
ts225716,34
ts225460,24
ts225460,5
tm554944,51
tm554944,35
tm483602,46
ts84663,100
tm847629,35
tm986700,78
ts86365,53
tm840438,100
tm853783,35
tm448792,14
tm448792,100
tm813936,100
ts269740,105
tm446176,100
ts254045,100
tm981451,35
tm981451,100
ts90937,6
tm893480,100
tm879609,35
tm879609,14
tm475783,100
ts106126,34
ts236769,100
tm461907,46
tm845496,100
tm910612,8
tm452900,17
ts218888,53
tm822246,100
tm818502,30
tm816992,19
tm816992,41
ts89048,58
tm840761,100
tm840761,35
tm845370,100
tm845370,67
ts218890,53
tm886087,105
tm465231,100
tm844497,100
tm442199,19
tm810642,46
ts254293,100
tm452867,58
tm452929,30
tm458893,84
tm938227,100
ts222802,19
tm938466,70
tm824477,19
tm824477,100
ts251512,100
ts219561,100
ts104840,24
ts90621,46
ts87680,67
ts87680,100
tm452574,100
ts89881,100
tm452578,100
tm423624,46
ts88485,100
ts91125,58
ts222367,24
tm947446,76
tm849003,100
ts88146,100
tm428557,100
tm444564,67
ts223895,58
tm443615,35
tm885860,6
tm426983,5
ts188991,67
ts188991,30
ts87364,100
tm678022,100
tm919869,34
tm919869,24
ts284800,35
tm420181,100
tm826368,100
ts251119,94
tm475162,100
tm475162,14
tm444017,100
tm470597,100
tm470597,19
ts269690,100
ts113748,100
ts213071,94
tm857921,83
tm857921,35
tm857921,80
ts93611,100
tm464212,34
tm1028083,14
ts257301,14
ts262778,100
tm840208,35
ts216513,100
ts89075,58
ts243256,100
ts221653,19
tm918894,34
tm447439,24
tm462277,46
ts224072,100
tm499985,69
tm811971,100
ts79695,11
tm934040,100
tm285317,100
ts83107,100
ts82851,100
ts223308,100
ts105047,86
tm447520,100
ts216493,53
ts237773,51
ts218986,58
tm826563,14
tm826563,100
ts218803,100
ts222455,100
ts222455,45
tm474263,
ts101408,30
ts87599,19
ts91039,100
tm474061,100
ts251587,53
tm451852,43
tm814894,30
ts222838,100
tm945168,29
tm945168,100
tm457296,100
tm419425,100
ts90648,59
tm837756,67
tm837756,100
tm844208,30
tm471967,100
tm834230,30
tm836638,51
tm836638,8
tm836638,34
tm839761,76
tm888080,100
tm897771,100
tm461726,100
ts217045,53
ts215166,53
ts90645,30
tm857399,100
tm840224,100
tm886214,46
tm810836,46
tm471922,34
tm917846,105
tm468724,19
tm468724,100
ts225410,67
tm472961,100
ts271247,100
tm462611,67
tm358666,16
tm358666,24
tm943790,35
tm820190,58
tm469193,91
tm469193,8
tm469193,34
ts221365,30
tm469399,46
ts87473,53
ts225718,34
tm460259,4
tm460259,14
tm460259,17
tm998899,18
tm889200,53
tm475501,100
ts269073,46
tm818499,68
tm818499,90
ts223404,58
ts86946,34
tm885845,100
tm912400,35
tm927286,35
ts89014,100
tm836662,6
ts221366,34
tm375446,24
tm375446,71
tm948916,24
tm948916,5
ts251067,100
tm457410,96
tm844642,100
tm490222,100
tm974366,100
tm452573,100
tm944331,100
tm950808,46
tm813695,100
ts217389,46
tm885775,100
ts59542,67
ts255809,4
tm856375,14
tm828326,100
tm450095,53
tm426634,60
tm426634,83
tm426634,93
tm426634,34
tm1172010,
tm893874,46
ts220751,100
ts217891,100
tm835512,100
tm493511,46
tm855535,78
tm877681,100
ts241248,35
ts241248,100
ts89895,100
ts88841,58
ts314529,58
tm432022,53
tm458326,100
tm975398,24
ts236653,100
ts225162,100
ts227385,100
tm889390,100
tm449594,34
ts223242,58
tm469991,34
ts88271,19
tm421560,8
tm421560,34
ts251616,24
tm446581,11
ts269501,4
tm862830,105
ts236091,58
tm852207,60
tm852207,35
tm852207,25
tm414285,100
tm918853,100
tm978401,100
tm825952,35
ts100354,4
tm832843,100
tm845020,35
ts236051,30
ts104168,100
ts242244,53
tm306301,34
tm306301,100
ts225377,46
tm916008,34
ts216698,35
tm946801,11
ts222325,24
tm446609,100
ts108392,35
tm846166,35
tm846166,19
tm846166,24
ts224261,24
tm842829,76
ts187443,30
tm474862,100
ts86928,58
ts113637,30
tm449105,24
tm449105,100
tm854786,46
ts256764,100
ts256764,19
tm850862,100
tm814740,69
ts225539,58
ts76382,100
ts256134,100
tm855641,24
tm467735,11
tm842817,69
tm910999,67
tm941531,51
tm840242,100
tm838765,100
tm845117,100
ts228502,100
tm837690,46
tm845535,19
tm845535,35
tm845535,100
ts90812,58
tm819016,20
ts237111,4
tm469400,100
tm980097,51
tm946718,14
tm946718,61
tm435916,100
tm818786,30
tm818786,67
tm837843,35
tm837843,24
tm837843,100
tm948128,100
tm948128,16
ts235689,97
ts235689,19
tm451269,76
tm933375,34
tm851912,46
ts251072,94
tm473601,4
tm853910,67
tm834715,46
tm451078,53
ts87221,58
ts237556,20
ts257243,100
tm429172,30
ts222933,34
tm428558,100
ts218307,100
tm925486,100
tm925486,22
ts270742,58
tm144835,100
ts92405,46
ts235979,97
ts231260,
ts222599,100
ts222599,53
tm854876,51
tm450698,51
tm450698,34
tm881891,100
tm854669,100
tm464509,46
tm679284,100
ts88552,4
tm896246,100
tm463038,30
tm966690,29
ts238316,58
ts222942,100
ts251061,19
tm946795,69
tm472766,11
tm857187,100
tm477838,54
ts236388,34
ts216474,51
ts90902,58
tm944631,67
ts236859,
tm983091,100
tm457935,100
ts252661,30
tm854749,51
tm929614,34
ts218802,100
ts221041,94
tm451548,53
ts250872,100
ts238242,20
tm834664,100
ts251272,100
ts222380,11
tm833555,58
ts105601,100
tm1131045,98
ts215178,100
tm467116,100
tm467116,89
ts89361,30
tm454861,67
ts88283,100
tm850822,100
tm982100,100
ts223062,94
ts214861,100
tm485801,81
tm485801,30
ts215718,58
tm841410,100
tm836674,100
tm849407,24
tm844250,46
tm852662,51
tm925186,3
tm925186,105
ts88608,46
tm470836,100
tm455161,46
tm458418,58
ts87471,53
tm465724,100
tm866495,43
tm461159,14
tm957903,100
ts270465,51
tm837042,53
tm847623,100
ts222835,24
tm420826,100
ts270439,100
tm962741,81
tm1005937,69
tm827508,100
tm908529,67
tm835445,100
ts253722,100
tm918043,46
ts237014,20
tm451512,35
tm451512,100
tm856593,100
ts237239,20
tm458328,46
tm468200,46
ts104485,94
tm816432,46
ts104507,97
tm467848,53
tm943808,4
tm893510,46
ts256784,100
tm845942,100
tm361998,34
ts88151,89
tm838705,100
tm844662,100
tm444247,100
tm446608,100
tm850176,
ts106015,53
tm471878,100
tm471878,81
tm957567,24
tm462778,100
tm882887,100
tm882887,4
tm466832,53
ts86978,30
ts78324,100
tm439365,46
tm828317,35
ts103360,30
ts268099,100
tm675154,46
ts224794,100
ts268997,97
tm933447,35
ts101874,20
tm833361,
tm413558,62
tm413558,8
tm413558,56
tm413558,34
ts214579,100
ts214579,53
ts235862,58
tm849599,4
ts81646,100
tm548602,100
tm461427,46
tm817087,51
tm918960,14
ts187070,100
tm355783,100
tm958984,69
tm819950,34
tm819950,35
tm819950,23
tm930246,81
tm376903,4
tm376903,17
tm496588,37
tm822272,43
tm912415,6
tm425748,106
tm472344,81
ts220248,100
ts252141,6
tm827142,100
ts111206,100
ts104483,46
ts236182,100
ts89336,100
tm918373,100
tm931701,69
ts88166,67
tm851499,46
tm946927,100
tm494847,46
tm813938,100
ts89251,100
tm471288,105
tm856945,14
tm937044,34
ts223110,100
tm460829,53
tm452440,11
tm878333,53
ts88312,34
tm866782,96
tm851862,67
tm468811,46
tm912327,58
tm483420,35
ts189314,100
tm960414,100
ts185885,23
ts185885,24
ts214463,20
tm492043,46
ts86927,58
tm831934,69
tm972660,46
tm977782,14
tm992712,4
tm912399,34
tm840152,80
tm840152,100
tm840152,60
tm840152,70
tm435836,46
ts225328,35
tm812783,67
tm846354,43
ts218367,4
tm434830,14
tm540277,101
ts277126,45
tm981770,20
ts214462,20
tm405637,29
ts88133,19
tm368725,84
tm895839,51
tm884581,11
ts89583,14
ts113506,35
tm283581,46
ts105608,4
ts90696,59
tm918026,100
tm897732,34
tm897732,8
tm327926,0
tm327926,60
tm897418,34
tm822271,43
ts256853,19
ts219049,97
ts223098,11
tm458553,100
tm822596,24
tm454156,30
tm450262,8
tm450262,89
tm450262,35
ts227412,35
ts220983,58
ts221472,29
ts89958,58
tm475815,46
tm475254,7
tm826473,97
tm845616,94
tm844201,100
tm977478,100
tm449195,66
tm449195,35
tm449195,100
tm833382,96
tm932201,94
tm932201,100
ts250803,100
tm890479,100
tm369389,30
tm369389,100
tm369389,14
tm369389,34
tm818588,67
tm431349,46
tm474695,30
tm448767,100
tm979689,100
ts222049,100
ts222606,58
ts89347,100
tm849102,46
tm454431,41
ts214280,67
tm518467,30
tm518467,8
tm518467,24
tm455636,100
ts222803,75
ts222803,4
ts84129,100
tm464557,100
tm469025,67
tm937265,67
ts114080,34
tm864480,30
tm864480,4
tm848663,46
tm925785,67
ts225647,58
tm1015303,
tm844978,40
tm844978,101
tm935388,46
tm838022,46
ts86744,58
ts222512,34
tm454824,86
tm349800,100
tm832903,11
tm832903,67
tm926528,46
tm460815,46
tm431810,35
tm469966,34
tm469966,83
tm469966,63
tm414341,14
tm414341,100
tm814734,24
ts93482,100
tm857397,4
ts251783,100
ts266898,11
tm812998,96
ts89832,58
ts90413,34
ts90413,100
tm843938,51
tm430106,4
tm430106,85
tm430106,101
ts101503,100
tm882875,53
ts253549,6
tm1013697,69
tm464284,41
tm816038,53
tm499724,69
tm674099,51
tm420455,100
tm897170,34
ts267956,96
tm495609,46
tm857051,46
tm475252,46
ts102933,30
ts112667,100
ts88699,14
tm678851,46
tm935993,97
tm677746,83
tm677746,46
tm677746,35
tm677746,34
tm459329,46
tm854682,67
tm842976,4
tm860965,100
tm465427,76
tm462551,30
tm972010,97
tm945831,100
ts221174,35
tm847212,46
tm435327,43
tm373452,46
tm474405,53
tm474405,76
tm1080109,69
tm814652,46
tm835414,46
ts218277,4
tm412937,30
tm412937,35
tm412937,100
tm848444,88
tm454338,76
tm941382,53
tm817542,53
tm973704,46
tm979073,43
tm1026231,53
tm470687,20
tm447755,6
tm456894,100
tm475836,100
tm925218,41
tm925218,19
tm836501,
tm828318,46
ts314648,35
tm471802,46
tm670553,97
ts90511,67
tm234980,97
ts189629,30
ts189629,24
ts189629,25
ts189629,100
ts222634,11
tm859143,46
ts90995,67
tm954303,20
tm954303,30
tm462037,17
ts241460,88
ts268890,58
tm917822,100
tm943771,100
tm943771,44
tm927926,67
ts237071,53
tm915354,97
tm675214,69
tm893680,100
tm467955,51
ts269283,46
tm897794,69
ts252122,58
tm816983,59
tm845850,67
tm845850,100
tm453850,58
ts221363,24
tm845607,100
ts89331,53
tm816593,100
tm819841,76
tm674494,69
tm466850,
tm883441,30
tm857805,97
ts219422,58
tm873159,19
ts88821,19
ts88336,100
tm812593,20
tm856424,46
ts85510,100
tm848443,46
tm463217,46
tm932595,100
tm849937,65
tm514257,30
tm462660,94
tm411288,100
tm411288,69
tm840236,43
tm826983,76
ts222980,100
ts357033,58
tm813634,46
tm462311,8
tm462311,24
tm982018,100
ts88169,58
tm318200,100
tm984018,100
tm940566,46
tm920599,14
tm373471,46
tm846630,43
tm484173,46
ts224956,47
tm902363,4
ts90063,19
tm467579,100
tm683841,76
ts45322,19
tm949267,4
tm830795,94
tm819497,24
tm944561,46
tm882700,30
tm931158,100
tm1026240,53
ts222362,46
tm926004,100
tm496648,34
tm917325,100
ts223115,94
tm468651,105
tm450375,46
tm925702,90
tm908128,46
tm842869,34
tm1000166,43
tm835432,30
tm919082,35
tm889629,100
ts86940,
tm464435,100
ts187386,14
tm987599,100
tm812781,100
ts223078,100
tm474721,51
tm907872,104
tm455059,10
tm455059,100
tm501222,30
tm319139,46
ts237304,100
tm975765,11
tm845552,100
tm982569,100
tm838007,46
tm854454,46
tm841239,100
tm823488,14
ts269844,46
ts222625,19
tm351938,34
tm351938,8
tm468824,
tm452962,35
tm452962,100
tm452962,8
tm452962,34
tm452962,30
tm832844,35
tm446480,43
tm852775,46
tm938434,68
tm858471,14
tm474647,53
tm850730,30
tm925858,100
tm925858,8
tm925858,30
tm454464,19
tm844236,14
tm853485,35
tm907704,100
tm363181,46
tm894241,46
tm850382,46
tm679270,46
tm983849,46
tm843276,4
tm474496,17
tm822167,76
tm919210,46
tm373655,46
tm831061,46
tm813231,69
tm824367,105
tm361633,37
tm451502,46
tm928541,100
ts306090,53
ts103935,20
ts321758,58
ts315066,34
ts288350,100
ts89340,67
ts103890,6
tm933639,100
tm915043,100
ts226410,19
tm820338,97
tm1127695,30
tm1127695,34
tm466426,100
tm366245,46
ts245653,67
tm1079495,6
ts267987,34
ts288353,11
tm977952,78
ts89363,58
ts218500,100
ts351349,100
ts317497,30
tm977997,100
ts91741,30
ts227426,58
tm849251,4
tm474548,100
tm871330,100
tm945825,100
tm451584,43
tm827304,100
ts110703,35
tm977184,100
tm878995,100
ts254737,14
tm869373,53
ts296153,100
ts224796,68
ts224796,97
tm847678,53
tm461532,96
tm477006,46
ts236197,14
tm825102,35
tm901947,97
tm839411,51
tm889679,100
tm502151,30
tm849871,20
tm980439,100
ts101042,67
ts221891,67
tm973335,46
tm822502,11
tm945435,35
tm887376,53
tm887376,100
tm887376,34
tm890591,75
ts225787,100
tm885364,67
ts226588,100
ts191285,19
tm674135,96
ts89330,53
tm455715,43
tm814425,29
tm1096875,100
ts312044,53
tm979334,76
tm889647,100
ts218504,100
tm850454,100
tm834608,4
tm834608,101
ts105589,100
tm823302,11
tm881984,46
tm463827,34
tm822832,76
tm822832,100
tm980358,100
tm879556,100
tm854261,96
tm1147120,100
tm465984,30
tm465984,19
ts233367,30
ts237487,100
ts192297,70
tm912190,46
tm843345,58
tm843345,100
ts90643,59
tm929630,100
tm856372,88
tm814953,43
tm942492,14
tm942492,100
ts223084,97
tm954543,100
ts90640,60
tm233570,76
ts223690,19
tm938333,
tm938048,100
tm852996,100
tm817284,43
tm476708,96
tm881575,30
tm881575,100
tm898699,100
tm888850,53
tm677904,69
ts213611,94
ts223121,94
tm849565,43
tm971431,50
ts230973,53
tm825934,100
tm825934,14
tm896976,100
tm831125,100
ts252695,100
tm463814,51
ts218000,60
tm821662,46
tm849323,46
tm929600,11
tm840232,43
tm908777,11
tm1081074,100
tm860204,104
tm863879,46
tm826677,94
ts255823,76
tm924556,46
tm996316,69
ts217553,41
tm835958,14
tm852728,43
ts234505,34
tm832463,46
tm941493,14
ts103918,20
ts90466,41
tm884531,24
ts213232,100
tm918959,100
tm483511,46
tm857607,46
ts250920,100
tm921230,43
tm832684,100
tm510525,46
tm977464,100
tm851860,67
tm836077,20
tm843944,67
tm815438,29
tm883070,89
tm916638,19
tm1088545,69
tm435295,43
tm981675,100
tm462809,43
ts220552,100
ts220552,34
tm845594,46
tm984935,
tm885948,46
tm981956,100
tm845588,100
tm466854,46
tm838954,68
ts89531,29
tm460149,43
tm976632,46
tm813423,100
tm1068745,69
tm830151,43
tm432242,24
tm432242,105
tm811954,46
ts223454,94
tm953122,
tm863514,46
tm881973,14
tm944307,96
tm831196,46
tm936519,29
ts90568,94
tm989205,4
tm1028068,43
tm857873,46
tm810357,14
tm837802,11
tm855232,
tm984484,46
tm885938,11
ts215862,100
ts222687,4
ts269085,17
tm818239,46
tm455981,46
tm949072,46
ts253288,100
ts235916,46
ts241246,69
tm834653,29
tm834653,88
tm848261,46
ts283159,41
tm1073424,
tm476922,60
tm941899,29
tm680024,100
tm1226722,76
tm1226722,80
tm882222,0
tm469510,46
tm440278,69
tm859424,24
tm859424,80
tm859424,1
tm472231,43
tm472999,46
ts251607,100
tm975616,11
tm200475,60
ts233732,46
tm927033,14
tm861209,69
tm460055,30
tm460055,100
tm867288,69
tm915889,69
tm824855,76
tm898322,69
tm853113,14
tm483103,29
tm824566,80
tm824566,25
tm824566,60
tm476496,46
tm450129,76
tm676905,69
tm823848,29
tm239078,100
ts234501,35
tm1047951,69
tm1036794,43
tm830994,
ts374043,
tm678035,0
tm60213,76
tm456271,93
tm456271,60
tm882606,46
tm859450,46
tm460199,46
tm460411,96
tm848406,29
tm1030742,29
tm1041549,69
tm530822,100
tm259855,14
tm259855,34
tm259855,60
tm940835,
ts268592,53
ts268592,30
tm1114639,46
tm493556,46
tm853091,29
tm852060,4
ts262228,58
tm684591,0
tm894858,59
tm901961,94
tm1248449,69
tm1040502,29
tm869307,69
ts192440,100
ts229700,69
ts304136,58
ts255867,58
tm1073298,69
tm885470,100
ts222901,97
tm1073268,69
tm1113921,
ts262037,58
tm949905,46
tm877746,46
tm491499,0
tm873354,
tm863611,46
tm957792,97
tm825210,11
tm1086569,29
ts243189,35
ts314647,
ts216744,6
tm873357,
ts107963,
ts298837,
tm483190,
tm498444,
ts364947,35
ts274631,100
tm1125504,100
tm1125504,14
tm57755,24
tm57755,35
tm915749,100
ts351204,35
tm1069551,100
ts104019,24
ts215712,100
tm1063878,35
tm1063878,100
ts322798,100
tm463762,46
tm1138018,100
tm1166019,100
ts289334,100
tm1174318,100
ts279892,100
ts85187,100
tm438816,100
ts270910,100
ts220305,58
ts285577,35
ts87242,100
ts365032,100
ts324785,35
tm1040743,100
ts258748,100
tm1060775,100
ts354402,58
tm123367,100
ts251602,100
tm300799,100
ts222333,100
ts271450,100
tm823609,71
ts250831,53
ts250831,100
ts250831,78
ts344162,58
tm1201399,67
ts215951,100
ts305816,24
tm1067148,100
tm206726,100
tm1080445,100
tm1080445,23
ts288268,100
tm1145295,100
tm1145295,42
ts88578,100
ts314025,58
ts369505,100
ts108385,100
ts322321,34
ts322321,8
ts296046,34
ts307973,100
ts230110,100
tm856378,100
ts309827,100
tm1107591,35
tm1107591,100
tm1064153,35
ts304777,24
ts311985,100
tm435125,100
tm1126268,100
tm1251079,100
tm1184116,100
ts368156,58
ts269881,53
ts281225,30
tm305129,100
ts323091,100
ts365037,35
tm1267296,100
tm1082564,100
tm1166331,100
tm1097825,44
tm1097825,35
ts312082,58
ts217231,35
ts102086,35
ts356131,100
tm1255526,34
tm674063,73
tm674063,35
tm674063,14
tm674063,6
tm1196443,6
tm1196443,35
tm1196443,100
tm1270303,46
tm1164936,100
ts373465,100
ts320183,58
ts357344,100
ts304058,34
ts225855,58
tm1229229,53
ts134602,5
tm960503,71
ts354408,14
ts369223,100
ts369966,35
ts321084,51
tm1138743,100
ts245169,96
ts360281,100
tm1255117,100
ts346012,58
ts363091,100
ts301961,6
tm1088977,100
tm1231876,71
tm1111622,100
ts366880,100
ts226392,78
ts311620,58
tm1138261,100
ts349518,100
ts252861,100
ts328381,100
tm1138426,11
ts302264,53
ts316484,71
tm1049286,100
tm1179760,100
tm1241098,100
tm1171041,35
tm1171041,100
ts232073,89
ts356995,100
tm1237544,100
ts270459,100
tm1199226,35
tm1199226,46
tm335637,100
ts369462,51
tm1233682,35
tm1233682,100
ts256710,100
ts350214,78
tm1232121,100
ts373254,35
ts269096,58
ts223537,100
tm1108787,100
tm1166273,100
ts371616,100
ts369634,100
ts344643,30
ts357030,100
tm1165966,100
ts369846,35
ts363797,100
ts237713,100
ts264270,100
ts264270,35
tm1235985,24
ts271888,35
tm1279364,100
ts256072,100
ts284297,100
ts255888,100
tm1063000,100
ts353837,100
tm1150051,100
tm1080223,100
ts252119,45
tm1269657,100
ts302807,78
ts372525,30
tm1187581,100
ts271437,58
ts286317,100
ts368848,51
ts349631,100
tm1218034,100
ts360095,100
tm1239682,4
ts368091,100
ts374546,34
tm1043537,100
tm1043537,30
tm1043537,35
ts301847,34
tm1247307,100
ts366651,17
ts360549,105
tm1037351,96
tm1037351,35
tm852616,100
ts108621,30
ts364317,71
ts353844,100
ts342732,100
ts273100,100
tm1254370,76
ts282664,100
ts345200,25
ts269179,100
ts364007,35
ts372861,35
ts362950,100
ts330347,78
ts237972,50
ts241363,30
ts296743,30
ts296743,57
tm1002532,30
tm1084147,35
ts303513,17
ts301625,78
ts215989,89
ts287976,89
tm1038344,100
ts329538,67
ts232107,58
tm1120341,100
ts331681,100
ts251675,58
tm937814,35
tm937814,100
tm937814,5
ts291150,8
tm1079334,100
tm1079334,70
tm1038369,100
ts343599,35
tm1038363,100
ts369108,46
tm1195377,100
ts95572,35
tm1028298,100
tm1228854,
tm1204402,35
ts225061,100
ts344184,100
tm1137705,100
ts283676,100
ts237722,100
ts90093,100
ts240453,89
tm1232593,8
tm1232593,34
ts288087,35
ts357293,100
ts287328,100
tm1220458,46
tm1276204,46
ts269395,100
tm1166024,35
tm1251092,100
ts314135,100
ts306262,58
tm1141439,100
tm410128,19
tm410128,41
tm1020820,100
tm1020820,35
ts330425,100
ts258415,25
ts259765,30
ts301161,51
ts343124,100
ts346959,100
ts314550,58
tm1254061,30
tm1255832,51
ts222522,53
tm404856,100
ts302437,100
tm1198242,100
tm1238075,100
tm1238075,96
ts360396,67
tm852172,100
tm852172,70
ts366832,100
ts349630,100
ts224246,58
tm1137051,53
ts363837,100
tm1020438,100
tm851128,34
ts301999,78
ts272463,100
tm1046627,100
tm1241053,20
tm1241053,34
tm1241053,62
tm1241053,67
tm1241053,71
ts296752,30
tm922706,100
tm1187617,100
tm876083,30
ts372676,35
tm1142293,43
ts296291,53
ts287722,100
ts300281,34
ts343432,96
tm1228660,4
tm1072066,71
ts354073,100
tm1110150,100
ts282155,51
ts328336,30
ts295712,35
tm1231633,100
ts357137,30
ts310873,100
ts357930,46
ts319426,35
ts312071,53
tm1196288,100
ts377283,78
tm1239427,35
tm1229846,24
tm1229846,34
ts351128,78
ts256310,100
tm1141594,100
ts311101,24
ts292965,34
ts306335,100
tm675820,34
tm675820,35
ts308317,35
ts321513,58
tm979026,100
ts364209,100
ts328625,100
tm996762,46
tm1021871,100
ts368953,50
ts356833,53
ts349921,100
ts292970,96
tm1082314,100
ts306203,
tm969018,100
ts250998,70
ts328671,53
ts331680,100
tm1185367,100
ts342308,11
tm1087932,24
tm434625,100
tm434625,19
ts309840,58
ts85985,100
tm1180610,4
tm1259392,100
tm314863,100
tm1251078,100
tm1278559,
tm918734,100
tm918734,35
tm852360,14
tm852360,100
tm1240272,105
ts234817,100
tm1265788,70
tm957290,100
tm1143265,97
ts314594,100
tm1134006,35
tm1134006,100
tm1158752,58
tm912100,35
tm912100,100
ts299958,35
tm1237640,100
ts343424,53
tm1228733,89
ts277084,35
tm1194826,53
ts329700,100
tm1195971,100
tm1266196,100
tm1174516,43
ts347762,25
tm1044275,51
tm1081541,52
tm1081541,89
tm1108648,30
tm1247665,100
tm1247665,35
ts314164,58
ts330402,100
ts324870,4
ts324870,67
tm1194807,53
ts287045,96
ts322279,58
tm370144,100
tm370144,41
tm946869,100
ts340376,20
ts310376,100
tm850417,81
tm984155,100
tm1209228,100
tm1254742,11
tm1092958,100
tm1092958,84
tm1237661,100
ts301609,11
ts359090,100
tm1248636,100
ts356887,100
ts343430,34
tm1110389,14
ts287294,100
tm852665,44
tm852665,100
tm1281212,100
tm1231785,24
tm981945,14
tm981945,35
tm1201256,100
ts282876,30
tm1281405,67
ts330185,6
ts302721,19
ts373723,78
ts227473,100
ts300456,100
tm1262505,34
tm1236483,78
tm1263848,46
ts296825,34
ts329699,100
tm1231632,100
ts283080,67
tm1138477,100
ts289620,46
ts313656,53
tm1014947,25
tm1014947,50
ts272092,100
ts305788,34
ts305788,24
ts288540,46
ts366970,35
tm1076351,83
tm1076351,88
tm1076351,29
tm1076351,52
tm1226954,100
tm1185360,100
tm1127014,14
tm1127014,100
tm1087956,100
tm1290658,78
tm1276927,
tm1264142,70
ts313234,14
ts369564,67
ts304053,100
ts328051,100
tm1185374,100
ts286731,53
tm673809,24
ts328364,100
ts319015,100
tm1119272,100
ts328605,96
ts311987,100
tm1196705,6
tm1196705,100
ts304709,100
tm1003725,100
tm1003725,35
ts359504,100
tm928497,30
tm1251093,
tm1165983,35
ts306322,89
tm1166020,34
ts330198,35
ts296472,25
ts283528,14
ts358141,51
tm1259499,51
ts364382,100
tm1308328,24
tm1107587,53
ts307649,100
ts304928,58
tm1269639,100
ts360550,94
ts299212,96
tm972521,46
tm898474,34
ts297061,88
tm834851,35
tm834851,100
ts297247,100
tm1239100,100
ts235563,67
ts311989,100
ts369921,46
ts281927,35
ts321918,100
tm1103883,34
tm1103883,30
tm824160,100
tm1243739,34
tm1243739,8
tm1170388,35
tm1170388,100
ts369839,100
ts330132,30
ts331449,11
ts104499,76
ts225690,53
tm1107225,30
ts269676,100
tm1080083,35
tm1080083,100
tm1080083,39
ts351136,78
ts291718,100
tm1248616,100
ts225645,100
tm1267936,100
ts313902,24
tm1061911,30
tm1134087,100
ts297846,51
tm473703,46
ts320426,100
ts361022,67
tm1268096,100
tm1110691,30
tm1064065,89
tm1221677,100
tm1070032,24
ts346007,100
tm1232830,100
ts288195,11
tm1120880,46
ts299874,
ts288807,30
tm1159163,100
tm1215707,46
tm1120855,100
ts288064,67
tm1083293,100
ts271729,53
tm1202091,14
ts352579,96
ts330329,46
ts268220,24
ts300325,6
ts357345,100
ts310335,30
tm1166302,100
ts229335,89
ts374545,100
ts326029,20
tm1282205,96
tm888243,100
tm1165462,100
tm1038355,34
tm976166,100
tm1198388,58
ts257504,30
ts302058,67
ts269286,30
tm1094069,34
ts320502,100
ts306526,78
ts294338,100
ts294338,35
ts329882,4
ts294227,100
tm1284734,100
tm1092864,24
tm1092864,35
tm1092864,100
ts90023,52
ts296563,19
ts304310,97
tm1018747,30
ts343251,58
ts273229,30
tm857461,46
tm1166288,14
ts255037,100
ts246178,53
tm473502,46
ts314742,100
tm1248544,
tm1191224,78
ts311198,100
ts308845,24
tm1038686,100
tm466544,46
tm1019177,16
tm1019177,24
ts298766,100
tm1117040,46
ts299865,100
tm1249436,24
tm1166338,100
tm1166338,67
ts367042,58
tm1150872,100
tm1018890,100
ts271517,100
tm1228212,53
ts308838,
ts365154,100
ts281062,71
ts359613,30
ts308321,35
ts321298,58
tm919961,100
tm919961,14
tm919961,42
tm1050882,30
ts1475,25
tm1118865,51
tm1002815,100
ts108042,67
ts284885,29
ts300391,6
ts300391,100
ts288472,58
tm998726,34
tm1120543,100
tm1248254,35
ts256311,53
tm1168689,46
ts308002,67
tm1219350,46
ts349845,71
ts365099,0
tm1026528,29
tm494912,78
ts268104,58
ts367110,53
ts297065,100
ts271025,100
tm1255014,100
ts265991,30
ts272980,35
tm1091155,100
tm1044289,6
ts329711,60
ts329711,63
ts329711,88
ts329711,95
ts329711,29
ts363093,53
ts225657,100
tm1285036,
tm1280692,78
tm1104532,100
tm943774,100
tm1129112,46
ts341760,6
ts312094,53
tm855839,25
ts354381,94
ts368868,90
tm825714,100
tm1165219,100
ts326955,46
ts287532,100
ts270405,100
tm454879,86
ts296214,100
tm1110527,70
tm1261882,51
tm1075698,100
ts272939,100
ts285106,
ts311915,67
tm1030283,100
ts234971,67
tm1269414,96
tm1261887,100
tm1150385,35
ts373945,69
ts270807,58
tm1164962,8
tm1164962,34
tm1271320,11
tm1003353,100
ts287352,45
tm979182,89
tm1235732,35
tm1003034,58
tm1003034,100
ts287559,100
tm1151272,46
tm1185687,105
ts260477,71
ts288065,100
ts216407,100
tm1108321,100
ts246073,24
tm1171875,78
tm413169,100
tm413169,6
ts272515,34
ts344043,58
tm921206,100
tm921206,105
tm921206,35
tm991529,51
tm1260940,100
tm983784,73
ts302489,100
ts271867,58
tm863823,100
tm1260147,11
tm1111987,35
tm1087461,89
tm1087461,35
tm1218702,96
tm1000619,46
tm1243800,100
tm501313,100
tm501313,34
tm501313,24
tm1180524,96
tm1043290,30
tm950444,46
tm950444,100
ts315611,11
ts315611,100
tm1237643,100
tm986168,100
ts317612,53
tm1106212,43
tm1241233,97
tm1141923,100
ts346034,100
ts346034,69
ts349451,100
ts284862,35
ts297675,
ts302312,30
tm897466,62
tm897466,34
tm1264211,105
ts365153,100
ts219423,100
ts327074,100
tm1020326,100
tm1201262,51
tm1078733,71
ts273436,100
tm1236382,4
ts285854,60
ts310081,8
ts297763,100
tm1063013,84
tm1063013,89
tm999927,67
ts320075,46
tm1276014,35
ts329885,34
ts287703,58
ts310057,100
ts366878,14
ts239188,24
ts344128,58
ts367183,100
ts311791,58
tm1039422,35
ts328617,11
tm1038096,11
ts349842,34
ts273275,100
ts365155,14
tm1227853,46
tm949309,46
tm949309,90
tm949309,100
ts288808,30
ts275448,58
ts300274,100
tm1157230,35
ts312227,58
tm977704,35
ts320302,100
ts320302,11
ts310331,100
ts364946,75
tm992260,100
tm1088320,35
ts29800,100
tm1203307,70
tm991351,35
tm1259335,96
tm1250005,46
tm1020073,100
tm1272071,67
tm1087160,17
tm1087160,75
ts192196,100
tm1077013,35
tm1269761,100
tm1027081,100
tm1027081,24
ts271604,53
tm1075215,100
tm347095,34
tm347095,100
tm1131374,
tm1267331,100
ts272366,100
tm1082974,
tm858000,53
ts292662,100
ts250092,53
tm1048362,24
tm1048362,100
tm1187913,30
ts367120,59
tm1278737,78
tm1096775,100
ts297031,100
tm456513,100
ts280892,51
tm465421,58
tm1045741,67
tm1045741,100
ts293814,100
tm1064228,100
tm1064228,14
tm1185421,
tm1106806,35
tm1106806,100
tm1018427,100
tm1201457,
tm1130665,8
tm1130665,70
tm1191019,32
ts220553,35
ts289982,94
ts356951,94
tm1279542,100
tm1210379,105
tm1046932,100
ts312200,30
tm1063652,100
tm1020437,100
ts273318,100
tm1159301,14
tm1029256,8
tm1029256,70
tm1039147,100
ts287802,105
tm1275346,100
tm1200703,
ts296179,67
ts292696,30
ts367738,35
tm1087383,89
ts305264,100
tm810494,58
tm1001097,100
tm1033470,100
tm1264158,100
ts315400,35
ts290647,53
tm983722,78
tm1093099,100
tm1269495,46
tm983270,100
ts270798,58
tm1168053,46
tm362072,100
tm362072,14
ts293346,100
tm1207094,100
tm1104252,100
tm1002408,24
tm983466,100
ts313668,51
tm1275453,34
tm1275453,30
tm1243746,100
tm1080114,100
tm1080154,60
tm1080154,71
tm1080154,83
tm1080154,30
tm1080154,89
tm1080154,25
tm1080154,34
tm1003630,100
tm1003630,34
ts287438,30
tm1248088,46
tm471968,14
tm471968,35
tm471968,100
ts320073,35
ts306149,19
ts268835,58
tm475430,19
ts257873,6
ts283639,46
tm1096769,100
ts345844,97
tm1247022,100
ts312089,58
ts305263,100
tm1227918,51
ts302053,58
tm1074764,24
ts313689,58
ts373887,46
ts282131,35
ts284702,100
ts285469,100
tm166973,100
ts373250,67
tm1024592,46
tm1247620,35
tm1247620,30
tm1022953,100
ts285724,60
ts306068,51
tm992844,35
tm919920,46
ts355168,35
ts296201,11
tm1276831,46
tm1102891,96
tm902870,100
ts273461,19
ts276067,11
tm998033,46
tm1200115,
tm1199146,25
tm1003856,32
tm1003856,28
tm818266,8
tm818266,70
tm1219346,67
tm1068632,78
ts240807,100
ts273245,100
ts364498,53
tm1239557,46
tm859005,4
ts294936,96
ts319333,100
ts299323,100
tm1036270,105
ts373918,46
tm1121948,
ts288489,53
ts303605,
tm1281071,53
tm990983,96
tm1239051,100
ts341767,53
tm860261,100
ts281167,100
tm1294008,100
ts282291,51
ts302363,58
ts359091,100
tm1235785,100
tm1254220,101
tm1047503,100
tm990835,46
ts308516,105
tm1279301,100
ts301915,58
ts357031,30
tm1270573,46
tm983723,100
tm983723,35
tm1158784,58
ts328194,58
tm1094217,8
tm1094217,34
tm1046264,30
tm1260666,34
ts287838,58
tm1144897,96
ts272669,100
ts341883,35
ts344098,58
tm1168932,100
ts271413,100
ts289364,100
tm992279,11
tm456436,14
tm456436,100
tm1073510,35
ts287149,100
tm1175125,53
ts269999,30
ts310950,30
tm920096,100
tm1204317,96
tm1173512,51
tm1132485,68
tm1132485,43
ts293097,20
ts232506,96
tm1275536,100
tm1230681,76
tm1058761,68
tm1275586,4
tm499045,6
ts343749,93
tm866796,46
ts285931,8
ts317720,100
ts268102,58
ts362635,67
ts330289,11
ts253813,81
ts342636,53
ts288545,100
tm1229690,105
tm1000147,100
tm1000147,35
tm1119455,100
tm1230008,96
tm1040688,1
tm1114205,69
ts285422,29
tm1030495,30
ts313781,96
tm983658,100
ts328317,51
tm151860,24
tm151860,90
tm151860,99
tm151860,100
tm151860,19
ts315041,58
tm1172600,30
tm1046026,71
ts282840,100
tm1185506,78
tm1282184,100
ts293103,20
tm972519,51
tm1217920,53
ts325756,90
ts310628,6
tm1094060,100
ts287741,100
tm841797,100
tm1166015,51
tm1040671,51
tm1125844,94
tm1264760,
tm863280,68
tm1284065,34
tm1118234,34
tm1160424,94
ts285767,19
tm1166046,46
tm996676,46
tm1196461,68
ts274939,100
tm1239684,69
tm1000797,53
tm1231541,35
tm1231541,100
tm861000,100
tm861000,14
tm861000,35
tm985712,100
ts94677,100
tm998188,30
tm1278981,35
tm1278981,24
tm1255968,100
tm1255968,94
tm1234493,
tm421437,70
ts262246,35
tm833216,100
ts285194,34
tm511991,46
tm1111616,78
tm1150256,100
tm1259217,35
tm963182,67
tm963182,100
ts290643,53
ts269493,100
tm1137862,51
tm1080252,11
ts321254,46
ts258358,96
tm847430,53
tm1001108,100
ts297483,58
ts368341,100
ts314395,
tm1263048,46
tm841825,14
tm841825,44
tm525645,100
tm1177856,30
tm1177856,75
ts255486,53
ts305732,100
ts367192,100
tm878842,100
ts352881,51
tm1185388,51
ts288744,58
ts301914,58
tm1165118,96
tm1038327,11
tm1038327,51
tm898614,100
tm1207098,
tm1266639,
tm1091823,46
ts273485,53
tm1084481,100
tm1114038,29
tm979688,53
tm1239645,100
ts256972,100
ts330012,46
tm1005109,58
tm1077201,8
tm1077201,34
ts313849,
tm919903,20
tm919903,34
tm919903,67
ts302056,100
tm1253328,46
tm1037687,89
tm813078,11
tm813078,4
tm813078,16
tm813078,100
tm813078,67
tm813078,24
tm1086874,46
tm817075,78
ts317422,100
tm1267703,100
ts306135,
ts302570,11
tm1023677,46
tm1044137,100
tm1227335,68
tm1027712,6
tm1095880,100
tm1075596,100
ts309930,58
tm1269537,35
ts304468,58
tm1107063,58
tm855075,53
ts317297,53
tm1241650,46
tm1158704,100
ts354526,58
tm1120902,24
tm1158776,58
tm458292,58
tm819054,34
tm819054,8
tm813372,46
tm1247481,100
tm1247481,24
tm1247481,35
ts320872,24
ts312984,58
ts343136,29
ts271595,100
tm1092995,35
tm1031976,46
tm1204615,
tm1264411,76
ts271321,58
tm998858,100
ts308689,70
tm845549,100
tm845549,35
ts283284,46
tm810504,97
tm810504,58
tm1073802,46
tm810547,58
tm1045603,67
ts343427,100
ts309235,34
ts362794,20
ts270616,100
ts188367,46
ts320335,11
ts331654,67
ts359088,100
tm1271704,17
tm954297,11
tm1041543,100
tm982887,100
tm858869,100
tm858869,24
tm1047416,100
tm1286923,69
tm1286923,54
tm963023,46
tm1207097,
tm1020851,6
tm1020851,100
tm1037704,100
tm1237317,96
ts189612,54
tm1184117,100
tm1048678,100
tm1286701,46
tm1050497,95
tm927037,100
ts314963,
ts297058,20
tm1115800,100
tm1029314,96
ts287941,58
ts365031,58
tm1092075,70
tm1131382,
ts308039,24
ts241854,53
tm867681,46
ts346500,35
tm1219452,
tm999817,19
tm1137512,89
tm1143058,78
ts319412,58
tm1198504,53
tm1115392,46
tm1019885,46
tm1137613,100
tm1129394,100
tm1246878,46
tm1246878,58
ts254956,58
tm1000599,11
tm1174920,
tm1137119,45
ts346132,11
tm1179526,94
tm1056138,
tm1021250,26
ts321437,53
ts317526,100
tm1082359,35
tm1243475,53
tm949382,46
tm1182144,30
tm1095775,46
tm1089308,14
tm1282476,51
tm1282476,100
ts279953,58
ts257817,46
tm1265762,46
tm855340,46
ts267062,105
tm1082515,100
tm1219831,100
ts343426,105
ts343426,100
tm1017664,51
tm1272173,
tm1138870,46
ts343404,46
tm996996,34
tm1083068,78
tm989672,100
tm1038364,94
ts220196,100
tm1160938,53
tm1219941,
tm816612,46
tm1132325,46
ts315144,35
ts309676,100
ts311887,58
tm1066826,100
ts307981,100
tm1259508,46
tm872496,78
tm1102868,78
ts307925,34
ts223450,58
tm1161601,43
tm988736,
tm879685,30
ts369640,58
tm1243687,4
tm1243687,67
ts289757,46
ts299485,100
tm1255013,69
ts369109,53
tm1132176,35
ts317329,53
tm993838,6
tm721687,46
ts317746,58
tm851346,100
tm856634,35
tm856634,46
ts317078,53
tm1022893,19
tm1022893,41
tm1022893,53
tm1022893,73
ts260502,81
ts288005,58
tm1161223,35
tm1161223,44
tm926580,53
tm1219505,30
tm1023388,34
ts72196,100
tm1065788,96
tm1033803,46
ts254928,58
tm1216422,46
tm1019865,46
tm1162608,67
tm1203328,51
ts328181,11
tm1264330,11
tm1210970,24
tm1130995,100
tm1108171,
tm1215536,100
tm1173806,46
tm1263902,67
ts359842,100
ts283610,46
tm1121707,34
tm371741,20
tm876608,30
tm1119136,94
tm993670,100
tm1102151,53
tm1042481,14
tm1043655,69
tm988879,34
tm1245672,
tm1068777,67
ts320407,53
tm859256,46
tm863919,100
tm863919,14
tm863919,19
tm1063034,100
tm1116774,74
tm1179579,96
ts319303,53
tm433048,100
tm1089558,
tm1178972,100
tm319224,100
tm435087,105
tm1144693,20
tm872108,100
tm904862,70
ts313646,97
tm1038857,100
tm1038857,35
tm1067260,46
tm1143898,46
tm1064532,94
tm1098514,97
ts301964,100
ts315549,30
tm1137797,
tm1110205,67
ts315990,6
tm816591,78
ts308511,11
ts361144,34
tm1049290,78
ts285470,100
tm1054462,78
tm1047190,100
ts61384,100
tm1196455,4
tm1159300,100
tm1049083,76
tm990972,51
ts322267,11
tm1207099,100
ts345976,100
tm1108621,51
tm1081043,51
tm1200708,89
tm1212673,
ts272422,100
tm1150800,105
tm1150800,14
tm1271910,34
ts319460,35
tm982470,96
ts328541,35
tm1120766,34
tm1120766,8
tm996010,51
tm1275378,100
ts329854,58
tm1020701,67
tm1062350,105
tm1022912,46
tm1136310,
tm984204,100
tm1022103,30
tm985550,30
ts286218,19
tm1171107,35
tm1171107,100
tm1129217,67
ts274575,100
tm469432,35
tm469432,6
ts319608,11
ts271593,100
tm1146144,
tm448707,46
tm1172666,
tm1195032,46
tm1255628,20
tm880822,53
ts331439,100
ts322371,20
tm1093287,
tm1068384,78
tm1201670,100
tm1128292,
tm1116525,11
tm1142517,100
tm1042277,100
tm1259740,46
tm1207715,
tm519070,11
tm519070,81
tm519070,4
tm1118822,100
tm831387,58
tm1102226,51
tm1106900,43
ts366982,11
tm1098060,69
tm868441,35
tm868441,69
tm1207096,
tm1191860,100
tm1028026,46
ts315551,30
tm1202960,
ts317064,30
tm983730,100
tm998544,76
tm1265920,94
tm1262291,
tm1015884,105
tm1165244,78
tm863992,30
tm1003261,100
tm1027639,46
ts302653,97
tm993616,88
tm1256987,35
ts317423,30
ts287729,46
tm1247272,46
tm503797,100
tm1011188,70
ts104362,100
tm1055586,
ts312324,100
ts356275,100
tm812916,34
tm960145,34
tm890013,11
tm1106551,34
tm1228963,46
ts299321,100
tm981676,11
tm1031499,11
ts14520,100
tm1030071,46
tm990740,100
ts244930,100
ts244930,35
ts244930,32
ts244930,14
tm996755,46
tm980657,97
tm980657,19
tm1177620,4
tm1237553,11
tm1159627,30
ts286632,6
tm1219787,
ts282133,34
ts381916,94
tm1068720,69
ts257345,96
tm1049155,32
tm948681,30
tm1106888,96
tm894254,100
tm894254,6
tm1185568,20
tm977620,53
tm1074622,100
tm1001095,46
tm1195428,
tm1003376,11
ts304690,94
tm1040337,51
tm981475,30
ts257271,30
tm918258,4
tm918258,20
tm1108010,34
tm1237053,46
tm1002869,51
tm1002869,35
ts311958,58
tm1001267,100
tm1001267,86
tm995613,
tm1259747,53
tm1259747,100
tm1201453,
tm1036542,42
tm1036542,14
tm1159298,
tm1265694,100
tm1221280,46
ts271720,53
tm958688,96
tm1282376,46
ts287853,8
ts287853,62
tm1130264,
tm1030241,46
ts342479,14
tm983668,24
tm983668,8
tm983668,35
ts268103,58
tm960430,53
tm1130275,100
tm1141663,96
tm1196151,43
tm1080697,98
tm1080697,35
tm1146393,4
tm945448,34
tm1018592,43
tm1110212,105
tm861018,58
tm1120509,100
tm1049265,78
tm1111559,67
tm1031186,30
ts288832,100
tm1092309,53
tm1029279,100
ts258321,100
tm1233170,24
tm1217459,46
tm1143258,46
tm1106044,
ts357742,94
ts243780,100
ts243780,90
tm1037519,14
tm1204661,46
tm1001619,97
ts289261,100
ts297685,94
ts325991,105
tm1131061,14
tm1131061,35
tm1179176,51
ts297729,43
tm863829,43
tm997608,30
tm1045883,105
tm1006127,100
tm946360,100
ts288997,100
tm1195561,46
tm1180743,
tm1179973,35
tm1166429,11
tm1000551,69
tm1024062,46
tm886193,46
tm518107,69
tm986017,97
tm1053409,105
tm1248255,100
ts317709,78
ts269300,58
ts316882,67
ts302714,4
ts301196,35
tm1033635,100
tm1017045,
tm1040959,100
tm1218547,11
tm1025493,46
tm1107912,97
tm810657,46
tm884616,17
tm1124066,67
tm507368,46
tm1064193,67
tm1000185,78
tm1178876,71
tm1074621,100
tm1000037,23
tm1000037,24
tm844513,11
tm998238,29
ts306188,14
tm1107848,
tm950360,19
tm1111595,100
ts305890,67
tm1102570,
tm1049317,19
tm1036797,46
tm1000296,19
tm1038025,105
tm1063339,58
tm1082795,20
tm858287,46
tm996479,35
tm996479,46
tm1032950,14
tm959213,76
tm1119015,53
tm989502,58
tm1219931,78
tm985747,97
tm1152323,100
tm1127479,46
tm1121098,76
ts302434,
tm920320,25
tm920320,29
tm920320,24
tm1119172,6
tm1119172,100
ts331525,100
tm1025318,46
ts288861,94
tm1076198,51
tm1198745,100
tm997617,76
tm1102856,24
ts330422,100
tm987730,46
tm1064988,41
tm1039168,46
tm834847,105
tm839479,76
tm1109843,46
tm1217689,
tm475638,11
ts316965,100
tm1013111,30
tm869475,46
tm975741,19
tm975741,35
tm1183542,46
tm1099320,35
tm1099320,100
tm886188,51
tm1122095,69
ts257315,100
tm851599,43
ts188861,100
tm840723,46
tm922407,46
ts283614,67
tm1024535,104
tm824488,6
tm988801,43
ts229537,34
tm1187638,100
tm846586,43
tm1269086,100
tm1065041,53
tm998678,46
tm1232634,100
ts307745,30
tm1251430,100
ts372348,67
tm1247524,100
tm1080406,100
tm1111717,100
tm1031448,100
ts296059,30
tm1179605,30
tm1223736,14
tm1247471,100
ts255779,100
ts222864,19
tm1152224,96
tm1143319,
ts364198,67
ts296129,30
ts296069,30
ts296091,30
tm1092892,19
tm1092892,100
ts320557,30
tm1066324,
tm954291,53
tm1147041,69
tm1019084,100
tm1019084,14
tm996040,51
ts258114,100
ts258114,14
ts258114,58
ts258114,53
tm1167440,70
ts271726,100
tm1059008,20
tm1204412,75
ts310938,16
ts315147,100
tm1107850,
ts306510,35
ts357880,104
tm1082536,100
tm1170488,94
tm1264649,46
tm1180123,35
tm1243795,11
ts345779,100
tm1276410,46
ts370484,67
tm1195208,53
tm974195,53
tm1219398,100
tm1121084,76
ts321966,35
ts280693,100
ts372345,51
tm1264781,68
ts328383,29
tm1037800,4
tm1234767,100
tm1101878,100
ts343492,53
tm1165179,68
ts282214,94
ts322506,100
ts377141,100
ts321614,100
tm1213009,46
ts317144,100
ts365636,67
tm1096880,100
tm1147890,51
tm1264640,46
tm994923,67
tm88343,46
tm1276590,14
tm1102410,
tm876997,46
ts286386,100
tm945283,41
tm1261146,34
tm1235964,46
tm1246734,100
tm881587,43
ts297132,97
tm1185813,69
ts373672,100
tm988613,46
tm1131895,76
tm946277,46
tm1285863,14
tm985215,76
tm1174919,
ts361179,105
tm1073555,46
tm1080229,51
tm1114350,43
ts360974,14
tm877456,100
tm1164320,100
ts318105,30
tm993790,100
tm993790,67
tm1245920,46
tm1091284,46
ts288544,53
tm1040816,76
tm1047429,
tm1120212,29
tm1237967,46
tm1137196,
tm1027177,46
tm825955,46
tm1256885,76
tm1163194,
tm1027297,41
tm1043651,69
tm1174856,
tm1280700,46
ts352973,11
ts287804,20
tm1097142,29
tm1188818,46
tm1120636,100
tm918777,43
tm1276129,46
tm1259286,46
ts271048,
tm1099969,105
tm1099969,29
tm1277163,46
tm878575,43
ts285471,100
tm823350,11
tm1046969,60
tm1229007,
tm1159947,
tm1293742,100
ts317522,24
ts298791,8
tm1022280,46
tm1247054,46
tm1141346,
tm1275931,46
tm1173363,
tm1237305,20
tm1111518,29
tm1172947,46
tm1110241,46
ts347982,6
tm1169181,
tm1183575,58
tm1138814,29
tm1025616,
tm1120937,100
ts314962,51
tm1146635,53
tm1127485,76
tm1179587,46
tm1272030,105
tm1231140,
tm1023438,29
tm1040832,76
tm1179954,88
tm1199325,43
tm1016833,69
ts308053,100
tm1247951,96
tm1039571,100
tm1277182,46
tm1148327,46
tm307383,80
tm307383,16
tm307383,83
tm307383,34
tm1045018,69
tm1045018,14
tm1213224,43
tm1142245,46
ts287687,47
tm1201341,11
tm1183420,29
tm1040733,100
tm1091956,33
tm1091956,76
tm1079341,
tm1000616,46
tm828570,46
tm1288570,29
tm1041329,29
tm1109080,46
tm1239898,69
tm1114458,69
tm1033369,43
tm1232640,46
tm1150727,46
tm1057343,
tm1147172,100
tm1014599,69
tm1004011,46
tm1111920,24
ts296698,
ts373464,100
tm1278556,
tm1035612,100
tm965758,96
tm1114838,
ts287143,88
ts273317,46
tm1042782,46
tm1127511,76
tm1258902,
tm1257319,94
ts307816,58
tm1160484,
tm833467,46
tm1111283,0
ts346656,100
ts292446,46
tm481620,46
tm1020293,29
tm1089593,69
ts318024,34
ts318024,24
tm1089595,
tm1160904,
tm1041121,29
tm1216735,
tm1135255,
tm1144522,46
tm200838,
tm494577,69
ts285874,30
tm904964,46
tm1119331,34
ts319464,
tm175364,46
tm1151785,
tm1176905,29
tm1094743,46
tm1102002,
tm1046240,59
tm528044,
tm1068692,11
tm1216796,68
ts307884,69
tm818325,54
tm818325,24
tm529733,46
tm1273695,69
tm481509,
tm607097,68
tm1011248,
tm1225897,
tm1271643,46
ts305254,
tm960924,46
tm1099342,46
tm1288734,
tm1237253,
ts373435,
tm1020520,
tm1074617,100
tm529723,46
tm898842,46
ts365585,
tm1062260,
tm1146751,98
ts278785,35
ts378895,100
tm1260493,100
ts327671,100
ts328355,100
ts313723,100
tm1149507,100
ts367138,58
ts379982,51
ts375464,67
ts381979,35
ts379569,53
tm1287041,35
ts378515,78
ts378844,100
tm1291106,100
ts374050,100
ts318165,30
ts380636,34
tm1287593,100
tm1287593,35
tm1286151,100
ts327651,100
ts366040,53
tm1158764,58
ts327225,25
tm1285871,6
tm1285871,100
ts379643,35
ts379969,4
ts264903,51
ts353252,58
ts381380,100
ts372806,96
ts370696,100
tm1299586,58
ts322667,53
ts313758,100
ts360024,30
tm1285869,100
tm1304302,30
ts312994,11
ts328569,100
ts380364,100
tm1301744,100
ts379629,24
tm1133943,100
tm1303814,24
ts232448,46
tm1271719,30
ts378936,58
ts374385,100
tm1303850,78
ts378649,59
tm510954,100
ts377372,100
ts342598,34
tm1229160,46
tm1190857,46
ts380309,46
ts308560,100
ts379248,20
tm1300541,78
ts314687,58
ts321003,11
ts374551,67
tm1204029,46
ts373133,24
tm1287078,43
tm1255451,53
ts367213,46
ts367818,100
tm1301192,11
tm1124169,46
tm1273369,88
tm1293775,46
tm1297263,67
ts357026,58
tm1307793,35
ts313183,46
tm1301942,
tm1277786,96
tm1299912,46
tm1312789,69
tm1312789,100
ts364674,100
tm1312425,67
tm1290317,35
tm1296826,69
tm1291873,100
tm1298826,46
tm1307029,54
tm1307029,98
tm1307029,69
tm1304174,46
tm1299701,68
tm1315251,105
tm1303784,59
tm1260999,96
tm1310286,100
tm1072700,69
tm561709,0
